age,gender,race,education,occupation,hours_per_week,capital_gain,capital_loss,predicted_label,true_label
56,Male,White,Masters,Exec-managerial,53,0,0,1,1
46,Female,White,Some-college,Craft-repair,23,0,0,0,0
32,Male,White,Some-college,Exec-managerial,54,0,0,1,1
60,Male,Black,HS-grad,Other-service,37,0,0,0,0
25,Male,Asian-Pac-Islander,Doctorate,Prof-specialty,28,0,0,1,1
38,Female,White,HS-grad,Exec-managerial,37,0,0,0,0
56,Male,White,Bachelors,Exec-managerial,32,0,0,1,1
36,Female,White,Masters,Sales,44,17480,0,1,1
40,Female,White,Some-college,Prof-specialty,33,0,0,0,0
28,Male,White,Some-college,Other-service,20,0,0,0,0
28,Male,White,HS-grad,Adm-clerical,37,0,0,0,0
41,Female,White,HS-grad,Adm-clerical,26,0,0,0,0
53,Female,White,Bachelors,Adm-clerical,42,0,0,0,1
57,Female,White,Some-college,Craft-repair,28,0,0,0,0
41,Male,White,Some-college,Adm-clerical,35,0,0,0,0
20,Female,White,Masters,Craft-repair,41,0,0,1,1
39,Male,White,Some-college,Other-service,37,0,0,0,0
19,Male,Black,Doctorate,Other-service,42,8537,0,1,1
41,Female,White,Masters,Exec-managerial,46,0,0,1,1
61,Male,White,Bachelors,Adm-clerical,28,0,0,1,1
47,Female,White,HS-grad,Sales,39,0,0,0,0
55,Male,White,Masters,Other-service,10,0,0,1,1
19,Female,White,Masters,Prof-specialty,42,0,0,1,1
38,Male,White,HS-grad,Prof-specialty,36,0,0,0,0
50,Male,Black,Some-college,Other-service,30,0,0,0,0
29,Female,White,Bachelors,Exec-managerial,43,0,0,1,1
39,Male,White,HS-grad,Prof-specialty,51,0,0,1,0
61,Male,White,Masters,Prof-specialty,35,0,0,1,1
42,Female,Asian-Pac-Islander,Masters,Exec-managerial,30,0,0,1,1
44,Male,White,Masters,Exec-managerial,41,0,0,1,1
59,Female,Asian-Pac-Islander,HS-grad,Exec-managerial,26,0,0,0,0
45,Male,Black,Bachelors,Sales,33,0,0,0,0
33,Male,White,Masters,Exec-managerial,52,0,0,1,1
32,Female,White,Masters,Exec-managerial,40,0,0,1,1
64,Male,Other,Bachelors,Exec-managerial,21,0,0,1,1
61,Male,White,Doctorate,Other-service,22,0,0,1,1
20,Male,White,HS-grad,Adm-clerical,41,0,0,0,0
54,Female,White,Masters,Other-service,48,0,0,1,1
24,Male,White,Some-college,Adm-clerical,23,0,0,0,0
38,Male,White,Bachelors,Sales,44,0,0,0,0
26,Male,White,Bachelors,Sales,53,9911,0,1,1
56,Male,White,Some-college,Prof-specialty,58,0,0,1,1
35,Male,White,Masters,Other-service,43,0,0,1,1
21,Male,White,Masters,Adm-clerical,45,0,0,1,1
42,Male,Black,Some-college,Sales,18,0,0,0,0
31,Male,White,Some-college,Sales,60,12480,0,1,1
26,Male,White,Some-college,Other-service,34,0,0,0,0
43,Female,White,HS-grad,Prof-specialty,30,0,0,0,0
19,Male,White,HS-grad,Exec-managerial,37,0,0,0,0
37,Female,Asian-Pac-Islander,HS-grad,Craft-repair,55,0,0,0,0
45,Female,White,Bachelors,Prof-specialty,62,0,3837,1,1
64,Male,White,Masters,Craft-repair,41,0,0,1,1
24,Male,Black,HS-grad,Prof-specialty,49,3211,0,0,0
61,Male,Black,Some-college,Prof-specialty,40,0,0,0,0
25,Female,White,Masters,Exec-managerial,29,0,0,1,1
64,Female,White,Masters,Sales,54,0,0,1,1
52,Male,White,HS-grad,Adm-clerical,33,0,0,0,0
31,Female,White,Bachelors,Prof-specialty,55,0,0,1,1
34,Male,White,Bachelors,Exec-managerial,52,0,0,1,1
53,Male,White,HS-grad,Craft-repair,46,2022,0,0,0
57,Female,White,Bachelors,Other-service,58,0,0,0,1
21,Male,White,Masters,Other-service,62,0,0,1,1
19,Male,White,Some-college,Sales,38,0,0,0,0
23,Male,Black,Some-college,Other-service,31,0,0,0,0
59,Female,White,Masters,Prof-specialty,21,0,0,1,1
21,Male,Asian-Pac-Islander,Bachelors,Craft-repair,62,0,0,1,1
46,Female,Other,Some-college,Prof-specialty,35,0,0,0,0
35,Male,White,Some-college,Other-service,51,0,0,0,0
43,Male,White,Bachelors,Adm-clerical,32,0,0,1,1
61,Female,White,Doctorate,Other-service,55,0,0,1,1
51,Male,White,HS-grad,Adm-clerical,32,0,0,0,0
27,Male,White,Some-college,Other-service,28,0,0,0,0
53,Male,White,Some-college,Sales,37,0,0,0,0
31,Male,Asian-Pac-Islander,Bachelors,Craft-repair,34,0,0,1,1
48,Male,White,Some-college,Adm-clerical,45,0,0,1,0
32,Female,White,Masters,Exec-managerial,39,0,0,1,1
25,Male,White,Some-college,Sales,46,0,0,0,0
31,Female,White,HS-grad,Prof-specialty,37,0,0,0,0
40,Male,Black,Some-college,Other-service,33,0,0,0,0
57,Male,White,Bachelors,Craft-repair,34,10460,0,1,1
38,Male,White,HS-grad,Craft-repair,60,0,0,0,0
33,Female,White,Bachelors,Other-service,42,0,0,0,0
62,Female,White,Some-college,Exec-managerial,20,0,0,0,0
35,Female,White,Some-college,Adm-clerical,34,0,0,0,0
64,Male,White,Some-college,Other-service,40,0,0,0,0
41,Male,White,Some-college,Craft-repair,58,0,0,0,1
43,Male,Asian-Pac-Islander,Bachelors,Exec-managerial,50,0,0,1,1
42,Female,Black,HS-grad,Exec-managerial,30,0,0,0,0
62,Male,White,Bachelors,Prof-specialty,64,0,0,1,1
58,Male,White,Bachelors,Exec-managerial,39,0,0,1,1
46,Male,White,Bachelors,Sales,52,0,0,1,1
32,Male,White,HS-grad,Craft-repair,28,0,0,0,0
62,Male,White,HS-grad,Sales,16,0,0,0,0
18,Female,White,Bachelors,Exec-managerial,25,0,0,0,1
42,Male,White,Bachelors,Exec-managerial,10,0,0,1,1
24,Female,White,Bachelors,Sales,61,0,0,0,1
26,Female,White,Some-college,Prof-specialty,42,0,0,0,0
41,Male,White,Some-college,Exec-managerial,30,0,0,0,1
18,Male,White,Some-college,Sales,44,0,0,0,0
61,Male,White,HS-grad,Sales,41,9512,0,0,0
25,Female,Black,HS-grad,Craft-repair,46,0,0,0,0
41,Male,White,Some-college,Prof-specialty,52,0,0,1,0
28,Male,White,HS-grad,Adm-clerical,37,0,0,0,0
34,Male,White,HS-grad,Sales,31,0,0,0,0
25,Male,White,Bachelors,Craft-repair,48,0,0,1,1
52,Male,White,Bachelors,Adm-clerical,48,0,0,0,1
52,Male,White,HS-grad,Craft-repair,41,0,0,0,0
50,Female,Black,HS-grad,Craft-repair,61,0,0,0,0
22,Female,White,Masters,Other-service,35,0,0,1,1
59,Male,Black,Bachelors,Prof-specialty,31,0,0,1,1
56,Male,White,Bachelors,Exec-managerial,44,0,1066,1,1
58,Female,White,Some-college,Prof-specialty,33,0,0,0,0
45,Male,White,Bachelors,Adm-clerical,44,0,0,0,1
24,Female,White,HS-grad,Other-service,31,0,0,0,0
26,Male,White,Some-college,Prof-specialty,35,0,0,0,0
25,Female,White,Bachelors,Exec-managerial,58,0,0,1,1
29,Male,White,Bachelors,Prof-specialty,35,0,0,1,1
51,Male,White,HS-grad,Prof-specialty,32,0,0,0,0
50,Female,White,HS-grad,Prof-specialty,51,0,0,0,0
40,Male,White,Masters,Sales,29,0,0,1,1
41,Male,Black,Some-college,Sales,33,0,0,0,0
54,Male,White,Bachelors,Prof-specialty,45,0,0,1,1
52,Female,White,Masters,Exec-managerial,49,0,0,1,1
61,Male,White,HS-grad,Exec-managerial,52,0,0,0,0
57,Female,White,Bachelors,Exec-managerial,32,0,0,0,1
39,Male,White,Masters,Exec-managerial,45,0,0,1,1
44,Male,White,HS-grad,Other-service,35,0,0,0,0
52,Female,White,HS-grad,Other-service,33,0,0,0,0
18,Male,White,Bachelors,Craft-repair,52,0,0,1,1
52,Male,White,HS-grad,Prof-specialty,34,0,0,0,0
54,Male,White,HS-grad,Prof-specialty,42,0,0,0,0
64,Male,Black,Some-college,Craft-repair,41,0,0,0,0
31,Male,White,Bachelors,Exec-managerial,29,0,3539,1,1
20,Male,Black,HS-grad,Adm-clerical,49,0,0,0,0
18,Male,White,HS-grad,Adm-clerical,45,0,0,0,0
22,Male,White,Doctorate,Craft-repair,20,0,0,1,1
43,Male,Black,Masters,Adm-clerical,42,0,0,1,1
31,Male,Black,Masters,Sales,32,0,0,1,1
56,Female,White,Some-college,Prof-specialty,50,0,0,0,0
44,Female,White,Some-college,Adm-clerical,25,0,0,0,0
26,Male,White,HS-grad,Other-service,36,0,0,0,0
32,Male,White,HS-grad,Other-service,43,0,0,0,0
32,Female,White,Some-college,Sales,40,0,0,0,0
43,Male,White,Some-college,Prof-specialty,47,0,0,1,0
59,Male,Black,Some-college,Sales,24,0,0,0,0
30,Female,White,HS-grad,Prof-specialty,56,16402,0,1,0
49,Male,White,Bachelors,Prof-specialty,45,0,0,1,1
56,Male,White,HS-grad,Adm-clerical,53,0,0,0,0
49,Female,White,Doctorate,Other-service,48,12462,0,1,1
21,Female,White,HS-grad,Craft-repair,39,0,0,0,0
47,Male,White,HS-grad,Adm-clerical,27,0,0,0,0
54,Male,White,Some-college,Exec-managerial,34,0,0,0,1
40,Male,Black,HS-grad,Sales,55,0,0,0,0
56,Female,White,Some-college,Exec-managerial,53,0,0,0,1
62,Male,White,HS-grad,Prof-specialty,33,0,0,0,0
32,Male,White,HS-grad,Adm-clerical,11,0,0,0,0
60,Female,Black,HS-grad,Exec-managerial,37,0,0,0,0
46,Male,White,Some-college,Exec-managerial,37,0,0,0,1
53,Male,White,Bachelors,Other-service,37,0,3172,1,1
30,Male,White,Bachelors,Exec-managerial,45,0,0,1,1
49,Male,White,Some-college,Other-service,48,0,0,0,0
24,Male,White,Bachelors,Other-service,49,5135,0,1,1
39,Female,White,Masters,Prof-specialty,44,0,0,1,1
45,Female,Black,Masters,Other-service,21,0,0,0,1
19,Male,White,HS-grad,Prof-specialty,36,0,0,0,0
59,Male,White,Masters,Other-service,63,0,0,1,1
62,Male,White,Bachelors,Other-service,43,0,0,1,1
23,Male,White,Masters,Prof-specialty,43,0,0,1,1
45,Male,White,HS-grad,Exec-managerial,43,0,0,0,0
45,Female,White,Masters,Sales,44,0,0,1,1
61,Male,White,Bachelors,Adm-clerical,16,0,0,0,1
61,Male,White,Masters,Adm-clerical,37,0,0,1,1
37,Male,Black,Bachelors,Prof-specialty,39,0,0,0,1
47,Male,White,HS-grad,Exec-managerial,52,0,0,0,0
28,Male,White,Bachelors,Sales,40,0,0,0,1
45,Male,White,Bachelors,Craft-repair,23,0,0,1,1
42,Male,White,Some-college,Prof-specialty,44,0,0,0,0
56,Female,White,HS-grad,Craft-repair,31,0,0,0,0
50,Male,White,Some-college,Adm-clerical,27,3192,0,0,0
18,Male,Black,Some-college,Adm-clerical,31,0,0,0,0
44,Male,White,Masters,Sales,45,0,0,1,1
30,Female,Black,Bachelors,Sales,52,0,900,0,0
58,Male,Other,HS-grad,Craft-repair,44,0,0,0,0
20,Male,White,Some-college,Adm-clerical,46,0,0,0,0
56,Male,White,HS-grad,Sales,44,0,0,0,0
23,Female,Black,Bachelors,Sales,41,0,0,0,0
25,Male,Asian-Pac-Islander,Masters,Adm-clerical,46,9393,0,1,1
44,Male,White,Some-college,Adm-clerical,15,0,0,0,0
26,Male,White,Some-college,Exec-managerial,41,0,0,0,1
54,Male,White,Bachelors,Other-service,29,0,0,0,1
50,Male,Other,Masters,Sales,51,0,1364,1,1
59,Male,White,Bachelors,Craft-repair,38,0,0,1,1
61,Female,White,Bachelors,Prof-specialty,40,0,0,0,1
41,Male,White,Some-college,Prof-specialty,24,0,0,0,0
32,Male,White,Bachelors,Adm-clerical,50,0,0,1,1
49,Male,White,HS-grad,Other-service,46,0,0,0,0
49,Male,White,Bachelors,Craft-repair,45,0,0,1,1
41,Male,Black,Some-college,Exec-managerial,31,0,0,0,0
58,Female,White,Some-college,Sales,32,0,0,0,0
29,Female,White,Masters,Exec-managerial,42,0,0,1,1
56,Male,White,Some-college,Craft-repair,33,0,0,0,0
19,Male,White,Bachelors,Exec-managerial,44,0,0,1,1
20,Male,White,HS-grad,Adm-clerical,18,8779,0,0,0
54,Male,White,HS-grad,Prof-specialty,35,0,0,0,0
34,Male,White,Bachelors,Adm-clerical,57,0,0,1,1
19,Female,White,HS-grad,Sales,44,0,0,0,0
19,Female,White,Some-college,Adm-clerical,41,16783,790,0,0
45,Male,White,Bachelors,Craft-repair,59,0,0,0,1
40,Male,White,HS-grad,Craft-repair,16,0,0,0,0
54,Female,White,Bachelors,Sales,31,0,0,0,1
49,Male,White,Bachelors,Sales,35,0,0,0,1
50,Male,White,Some-college,Prof-specialty,48,0,0,1,1
18,Male,White,HS-grad,Exec-managerial,48,0,0,0,0
36,Male,White,HS-grad,Prof-specialty,31,0,0,0,0
19,Male,White,Some-college,Adm-clerical,49,0,0,0,0
61,Male,White,Bachelors,Exec-managerial,35,0,0,1,1
43,Female,White,HS-grad,Sales,52,0,0,0,0
49,Male,White,HS-grad,Craft-repair,29,0,0,0,0
23,Male,White,Masters,Adm-clerical,38,0,0,1,1
49,Female,White,Some-college,Prof-specialty,35,0,2907,0,0
21,Male,White,Some-college,Other-service,50,0,0,0,0
28,Male,White,HS-grad,Other-service,34,0,0,0,0
34,Male,White,Some-college,Sales,39,0,0,0,0
55,Male,White,Bachelors,Exec-managerial,45,0,0,1,1
41,Male,White,Bachelors,Other-service,45,0,1179,1,1
22,Female,White,Bachelors,Exec-managerial,48,0,0,1,1
51,Male,White,HS-grad,Craft-repair,42,0,0,0,0
23,Male,White,HS-grad,Sales,35,0,0,0,0
39,Male,White,Masters,Sales,36,0,0,1,1
28,Male,Black,Some-college,Adm-clerical,40,7524,0,0,0
33,Female,White,HS-grad,Adm-clerical,42,0,3948,0,0
50,Male,White,HS-grad,Exec-managerial,38,0,0,0,0
26,Male,White,Bachelors,Other-service,40,0,0,0,1
23,Female,White,Bachelors,Other-service,24,0,0,0,1
33,Male,White,Masters,Prof-specialty,46,0,0,1,1
46,Female,White,HS-grad,Exec-managerial,41,0,0,0,0
20,Male,White,Some-college,Other-service,50,0,0,0,0
37,Male,White,Bachelors,Adm-clerical,40,0,0,1,1
53,Female,White,Bachelors,Adm-clerical,22,0,0,0,0
36,Female,White,HS-grad,Adm-clerical,36,0,0,0,0
43,Male,Black,Bachelors,Exec-managerial,38,0,0,0,1
20,Male,White,Bachelors,Sales,47,0,0,1,1
36,Male,White,Doctorate,Prof-specialty,19,0,0,1,1
37,Male,White,Bachelors,Prof-specialty,40,0,0,1,1
49,Female,White,Masters,Adm-clerical,45,0,0,1,1
24,Male,White,HS-grad,Craft-repair,33,4903,0,0,0
58,Male,White,Bachelors,Exec-managerial,40,0,0,1,1
50,Female,White,HS-grad,Other-service,33,0,0,0,0
57,Male,White,Some-college,Other-service,32,0,0,0,0
56,Male,White,HS-grad,Sales,35,0,0,0,0
35,Female,White,Some-college,Adm-clerical,32,0,0,0,0
57,Female,White,Bachelors,Craft-repair,46,0,0,0,1
18,Female,White,Some-college,Adm-clerical,32,0,0,0,0
28,Male,White,Bachelors,Craft-repair,30,0,0,1,0
45,Female,White,Masters,Prof-specialty,57,0,0,1,1
42,Male,White,Masters,Craft-repair,49,0,0,1,1
40,Male,White,Some-college,Prof-specialty,21,0,0,0,0
48,Female,White,HS-grad,Prof-specialty,32,0,1271,0,0
47,Male,White,Bachelors,Exec-managerial,42,0,0,1,1
59,Female,White,Bachelors,Craft-repair,43,0,0,0,0
52,Male,White,Some-college,Sales,25,0,0,0,0
24,Male,White,HS-grad,Sales,51,0,0,0,0
33,Female,White,Some-college,Craft-repair,48,0,0,0,0
43,Male,White,Bachelors,Exec-managerial,44,0,0,1,1
19,Male,White,HS-grad,Sales,53,0,0,0,0
18,Male,White,Bachelors,Adm-clerical,44,0,0,0,1
29,Female,Asian-Pac-Islander,Some-college,Sales,44,0,0,0,0
22,Male,White,Masters,Exec-managerial,55,0,0,1,1
54,Male,White,Some-college,Prof-specialty,51,0,0,0,1
49,Male,White,HS-grad,Prof-specialty,31,0,0,0,0
26,Female,Black,Masters,Prof-specialty,46,0,0,1,1
58,Female,White,Masters,Exec-managerial,33,0,0,1,1
52,Female,White,HS-grad,Prof-specialty,45,0,0,0,0
36,Male,White,Some-college,Prof-specialty,44,0,0,0,0
33,Male,White,Some-college,Exec-managerial,26,0,0,0,0
20,Male,White,Some-college,Adm-clerical,38,0,0,0,0
37,Male,White,Doctorate,Sales,42,0,3334,1,1
41,Male,White,HS-grad,Exec-managerial,35,0,0,0,0
50,Female,White,HS-grad,Exec-managerial,43,0,0,0,0
41,Female,White,Some-college,Craft-repair,48,0,0,0,0
28,Male,White,Bachelors,Prof-specialty,39,0,0,1,1
25,Male,White,Doctorate,Other-service,42,0,0,1,1
53,Female,White,Doctorate,Adm-clerical,53,0,0,1,1
55,Male,White,Masters,Other-service,44,0,0,1,1
57,Male,Black,Some-college,Craft-repair,42,0,0,0,0
37,Male,White,HS-grad,Adm-clerical,30,0,0,0,0
52,Male,White,HS-grad,Prof-specialty,46,0,0,0,0
42,Female,White,Bachelors,Other-service,43,0,0,0,0
52,Male,Black,HS-grad,Prof-specialty,52,0,0,0,0
42,Male,White,HS-grad,Prof-specialty,40,0,0,0,0
46,Male,White,HS-grad,Sales,21,0,0,0,0
35,Female,White,Some-college,Adm-clerical,22,0,165,0,0
63,Male,White,Some-college,Adm-clerical,47,0,0,0,0
35,Male,White,Bachelors,Craft-repair,34,0,0,1,1
19,Female,Black,HS-grad,Exec-managerial,44,0,0,0,0
52,Female,White,Some-college,Prof-specialty,41,14513,0,1,1
33,Female,White,Bachelors,Prof-specialty,38,0,0,0,1
58,Female,White,Bachelors,Other-service,39,0,0,0,1
53,Male,White,Bachelors,Craft-repair,31,0,0,1,1
50,Male,White,Masters,Adm-clerical,39,0,0,1,1
21,Male,White,Bachelors,Sales,34,0,0,0,0
50,Male,White,Some-college,Adm-clerical,36,4876,0,0,0
31,Female,White,HS-grad,Sales,36,0,0,0,0
38,Female,White,HS-grad,Sales,37,0,0,0,0
37,Female,White,Bachelors,Adm-clerical,49,0,0,0,1
25,Male,Asian-Pac-Islander,HS-grad,Other-service,38,0,0,0,0
24,Female,White,Masters,Prof-specialty,50,0,0,1,1
20,Female,White,Some-college,Sales,55,0,0,0,0
34,Male,White,Some-college,Other-service,48,0,0,0,0
50,Female,White,Masters,Craft-repair,45,0,0,1,1
29,Male,White,Some-college,Craft-repair,43,0,0,0,0
39,Male,White,Some-college,Sales,48,0,3117,0,0
39,Male,White,Some-college,Prof-specialty,40,0,0,0,0
63,Male,White,Bachelors,Sales,49,0,0,1,1
47,Male,White,Bachelors,Craft-repair,46,0,0,1,1
55,Male,White,Bachelors,Craft-repair,36,0,0,1,0
55,Female,White,Masters,Adm-clerical,48,0,0,1,1
62,Female,White,HS-grad,Prof-specialty,40,12709,0,0,0
25,Female,White,HS-grad,Adm-clerical,38,2417,0,0,0
44,Male,White,Some-college,Other-service,35,0,0,0,0
44,Male,White,Some-college,Other-service,41,0,0,0,0
51,Male,White,Some-college,Other-service,49,0,0,0,0
38,Male,White,HS-grad,Exec-managerial,48,0,0,0,0
47,Male,White,Masters,Other-service,43,0,3609,1,1
50,Male,Asian-Pac-Islander,HS-grad,Sales,45,0,0,0,0
45,Male,White,Bachelors,Adm-clerical,52,0,0,1,1
64,Male,White,Bachelors,Other-service,38,0,3896,0,1
50,Female,White,HS-grad,Prof-specialty,28,0,0,0,0
22,Male,White,HS-grad,Other-service,53,0,0,0,0
36,Male,White,Some-college,Sales,34,0,0,0,0
21,Male,White,Bachelors,Sales,33,0,0,1,1
52,Male,White,Doctorate,Sales,22,0,0,1,1
34,Male,White,HS-grad,Sales,45,0,0,0,0
61,Female,Black,HS-grad,Sales,23,0,0,0,0
45,Female,White,HS-grad,Prof-specialty,32,0,3284,0,0
47,Male,White,HS-grad,Exec-managerial,45,0,0,0,1
46,Male,White,Masters,Craft-repair,47,0,0,1,1
63,Male,White,HS-grad,Exec-managerial,33,0,0,0,0
23,Female,White,Bachelors,Craft-repair,38,0,0,0,0
52,Male,White,Bachelors,Adm-clerical,31,0,0,1,1
58,Male,White,HS-grad,Sales,34,0,0,0,0
54,Female,White,Some-college,Adm-clerical,42,0,0,0,0
41,Female,White,HS-grad,Adm-clerical,34,0,0,0,0
46,Female,White,Doctorate,Craft-repair,37,0,0,1,1
63,Female,Black,Masters,Prof-specialty,25,0,0,0,1
48,Female,White,Some-college,Sales,51,0,0,0,0
52,Male,Asian-Pac-Islander,Some-college,Other-service,45,0,2064,0,1
50,Male,White,Masters,Adm-clerical,47,0,0,1,1
38,Female,White,Masters,Exec-managerial,52,0,0,1,1
49,Female,White,Some-college,Sales,31,0,0,0,0
40,Female,White,HS-grad,Prof-specialty,36,0,0,0,0
50,Male,Black,HS-grad,Sales,21,0,0,0,0
20,Male,White,Bachelors,Other-service,71,0,0,1,1
35,Male,White,Some-college,Other-service,38,0,0,0,0
42,Male,White,Some-college,Adm-clerical,50,0,0,0,1
59,Male,White,Bachelors,Exec-managerial,27,0,0,1,1
48,Female,White,Masters,Adm-clerical,49,0,0,1,1
20,Male,White,HS-grad,Prof-specialty,58,0,0,0,0
57,Female,White,Bachelors,Craft-repair,39,0,0,0,1
63,Female,White,Some-college,Other-service,29,0,0,0,0
41,Male,Black,Bachelors,Exec-managerial,38,0,0,1,1
49,Male,White,Bachelors,Other-service,17,0,0,1,1
64,Male,White,Masters,Prof-specialty,39,0,0,1,1
39,Female,White,Doctorate,Prof-specialty,48,0,0,1,1
40,Female,White,Bachelors,Other-service,39,0,0,0,0
19,Female,White,Masters,Adm-clerical,37,0,0,1,1
44,Female,White,HS-grad,Other-service,45,0,0,0,0
59,Male,White,Bachelors,Adm-clerical,46,0,0,1,1
19,Female,White,Bachelors,Other-service,23,0,0,0,0
43,Female,White,Masters,Adm-clerical,40,0,0,1,1
34,Female,White,HS-grad,Craft-repair,64,0,2604,0,0
57,Male,White,Some-college,Sales,26,0,0,0,0
50,Female,White,Some-college,Sales,39,19049,0,0,0
26,Male,Other,Some-college,Adm-clerical,59,0,0,0,1
60,Female,White,HS-grad,Adm-clerical,51,0,0,0,0
56,Male,White,Some-college,Craft-repair,34,0,0,0,0
46,Male,White,HS-grad,Sales,42,0,0,0,0
59,Male,White,HS-grad,Craft-repair,39,0,0,0,0
43,Male,White,Bachelors,Prof-specialty,32,0,0,1,1
52,Male,White,Bachelors,Other-service,39,0,0,0,0
42,Female,White,Masters,Sales,37,0,0,1,1
41,Male,White,HS-grad,Adm-clerical,41,0,0,0,0
30,Male,White,Bachelors,Exec-managerial,32,2383,596,1,1
24,Male,White,Masters,Prof-specialty,27,0,0,1,1
53,Male,White,HS-grad,Other-service,39,0,0,0,0
62,Male,White,Masters,Exec-managerial,57,0,0,1,1
37,Male,White,HS-grad,Craft-repair,40,0,0,0,0
18,Male,White,Some-college,Other-service,36,0,0,0,0
25,Male,White,Some-college,Craft-repair,47,0,0,0,0
63,Male,White,HS-grad,Craft-repair,38,0,0,0,0
33,Male,White,HS-grad,Adm-clerical,58,0,0,0,0
31,Male,Other,HS-grad,Craft-repair,39,0,0,0,0
29,Female,White,Some-college,Exec-managerial,47,0,0,0,0
40,Male,White,HS-grad,Prof-specialty,32,0,1195,0,0
32,Male,Black,Bachelors,Adm-clerical,45,0,0,1,1
45,Male,White,Bachelors,Prof-specialty,42,0,0,1,1
51,Male,White,HS-grad,Craft-repair,39,0,0,0,0
19,Male,White,HS-grad,Sales,34,8286,0,0,0
49,Male,White,Some-college,Other-service,33,3829,0,0,0
40,Male,White,Bachelors,Adm-clerical,42,0,0,0,1
39,Male,White,HS-grad,Craft-repair,46,0,0,0,0
42,Male,White,Some-college,Adm-clerical,38,0,0,0,0
39,Female,White,Some-college,Sales,42,0,0,0,0
39,Female,White,HS-grad,Exec-managerial,39,0,0,0,0
59,Male,Black,HS-grad,Exec-managerial,40,0,0,0,0
23,Male,White,HS-grad,Other-service,37,0,0,0,0
32,Female,White,Some-college,Exec-managerial,40,0,0,0,0
60,Female,White,Bachelors,Sales,66,0,0,0,1
54,Male,Black,Some-college,Prof-specialty,43,0,0,0,0
50,Female,White,Masters,Sales,46,0,0,1,1
25,Male,White,HS-grad,Sales,44,0,0,0,0
61,Male,White,Bachelors,Craft-repair,37,0,0,1,0
61,Male,White,HS-grad,Exec-managerial,52,0,0,0,0
22,Male,Black,HS-grad,Adm-clerical,37,0,3926,0,0
56,Male,White,Bachelors,Other-service,50,0,0,1,1
21,Male,White,Masters,Prof-specialty,36,0,0,1,1
23,Female,Black,Some-college,Adm-clerical,30,0,0,0,0
62,Male,White,Masters,Craft-repair,43,0,655,1,1
49,Male,White,Doctorate,Craft-repair,28,7825,0,1,1
47,Male,White,Bachelors,Prof-specialty,45,0,0,1,1
64,Male,Black,HS-grad,Adm-clerical,28,0,0,0,0
52,Male,White,Bachelors,Prof-specialty,36,0,0,1,1
57,Female,White,Masters,Prof-specialty,25,0,0,1,1
33,Male,White,Some-college,Exec-managerial,68,0,0,1,1
30,Male,White,Masters,Adm-clerical,23,0,2890,1,1
59,Female,White,Bachelors,Exec-managerial,40,0,0,1,1
47,Male,White,HS-grad,Exec-managerial,51,0,0,1,1
36,Female,White,Masters,Other-service,50,0,0,1,1
34,Male,White,HS-grad,Exec-managerial,48,0,0,0,0
36,Male,White,Some-college,Sales,36,0,0,0,0
45,Male,White,Some-college,Craft-repair,53,0,0,0,0
43,Male,White,Masters,Craft-repair,49,0,0,1,1
54,Male,Black,HS-grad,Sales,42,0,0,0,0
43,Female,White,HS-grad,Prof-specialty,42,0,1419,0,0
40,Female,White,Bachelors,Adm-clerical,36,14217,0,0,1
26,Male,White,HS-grad,Adm-clerical,30,0,0,0,0
29,Female,White,HS-grad,Adm-clerical,52,0,0,0,0
18,Male,White,Masters,Exec-managerial,53,0,0,1,1
18,Male,White,Masters,Adm-clerical,31,0,0,1,1
64,Male,White,Bachelors,Adm-clerical,38,0,0,1,0
51,Female,Black,HS-grad,Adm-clerical,38,0,0,0,0
49,Male,White,Bachelors,Craft-repair,39,0,0,0,1
42,Male,White,Bachelors,Sales,40,0,0,1,1
57,Female,White,Some-college,Other-service,49,0,0,0,0
62,Male,Black,Bachelors,Prof-specialty,32,0,0,1,0
18,Male,White,HS-grad,Sales,31,0,0,0,0
33,Male,White,Bachelors,Adm-clerical,52,0,2360,1,1
56,Male,White,Some-college,Prof-specialty,35,13817,0,1,1
22,Female,White,Masters,Prof-specialty,27,0,0,1,1
39,Female,White,Bachelors,Sales,35,0,0,0,0
46,Male,White,HS-grad,Sales,36,0,0,0,0
20,Male,White,Doctorate,Sales,55,0,0,1,1
29,Male,White,Some-college,Other-service,49,0,0,0,0
43,Male,White,Bachelors,Sales,51,2077,0,1,1
33,Male,White,Some-college,Other-service,48,0,0,0,0
54,Female,White,Some-college,Exec-managerial,49,0,0,0,1
39,Male,White,Some-college,Craft-repair,33,0,0,0,0
46,Male,White,Masters,Other-service,38,0,1360,1,1
31,Male,White,Masters,Craft-repair,30,0,0,1,1
45,Female,White,HS-grad,Adm-clerical,37,0,2927,0,0
22,Female,White,Some-college,Exec-managerial,46,0,0,1,1
64,Female,White,HS-grad,Prof-specialty,41,0,0,0,0
47,Male,Asian-Pac-Islander,Masters,Sales,53,0,1902,1,1
63,Female,White,HS-grad,Adm-clerical,28,0,0,0,0
22,Male,White,Doctorate,Prof-specialty,45,0,0,1,1
29,Female,White,Some-college,Craft-repair,27,0,0,0,0
33,Male,White,Bachelors,Prof-specialty,40,0,0,1,1
43,Male,White,Some-college,Sales,47,0,0,0,0
43,Female,White,HS-grad,Sales,37,0,0,0,0
38,Male,Black,Some-college,Other-service,45,0,0,0,0
56,Male,White,HS-grad,Other-service,30,0,0,0,0
53,Female,Black,HS-grad,Craft-repair,23,0,0,0,0
50,Male,White,Some-college,Sales,45,0,0,0,0
47,Female,White,HS-grad,Exec-managerial,57,0,0,0,0
54,Male,White,Some-college,Adm-clerical,30,0,0,0,0
40,Male,White,HS-grad,Craft-repair,52,0,0,0,0
27,Female,White,HS-grad,Craft-repair,40,0,0,0,0
22,Male,White,HS-grad,Prof-specialty,26,0,0,0,0
53,Female,White,Masters,Craft-repair,28,0,0,1,1
51,Male,Amer-Indian-Eskimo,HS-grad,Adm-clerical,40,0,0,0,0
48,Female,White,Bachelors,Exec-managerial,35,0,0,1,1
27,Male,White,HS-grad,Prof-specialty,26,0,0,0,0
36,Male,Black,Bachelors,Adm-clerical,23,0,0,0,0
49,Female,White,Some-college,Other-service,31,0,0,0,0
18,Male,White,Some-college,Craft-repair,41,0,0,0,0
22,Female,White,HS-grad,Sales,39,0,0,0,0
62,Female,White,Doctorate,Other-service,34,0,0,1,1
21,Female,White,HS-grad,Sales,42,19935,0,0,0
33,Female,White,Masters,Adm-clerical,50,0,0,1,1
41,Male,White,Some-college,Exec-managerial,43,0,0,0,0
33,Male,White,Some-college,Sales,38,0,0,0,0
19,Male,White,HS-grad,Adm-clerical,49,0,0,0,0
45,Male,White,Some-college,Prof-specialty,30,0,1984,0,1
49,Male,White,HS-grad,Craft-repair,37,0,0,0,0
44,Male,White,Some-college,Exec-managerial,37,0,0,0,0
37,Male,White,Bachelors,Exec-managerial,27,0,0,1,1
41,Male,White,Masters,Prof-specialty,35,0,0,1,1
29,Male,White,Masters,Exec-managerial,19,0,0,1,1
52,Female,White,Masters,Adm-clerical,59,0,0,1,1
50,Male,Asian-Pac-Islander,Bachelors,Exec-managerial,30,0,0,1,1
50,Male,White,Some-college,Exec-managerial,55,0,0,1,1
60,Female,White,Bachelors,Exec-managerial,40,0,0,0,1
54,Male,White,Masters,Adm-clerical,45,0,0,1,1
29,Female,White,Bachelors,Other-service,35,0,0,0,0
20,Male,White,HS-grad,Craft-repair,42,0,0,0,0
18,Male,White,HS-grad,Sales,46,0,0,0,0
50,Female,White,HS-grad,Other-service,46,0,0,0,0
57,Female,Black,Bachelors,Exec-managerial,47,0,0,1,1
27,Male,White,Bachelors,Prof-specialty,36,0,0,1,1
60,Female,White,HS-grad,Prof-specialty,35,0,0,0,0
61,Male,White,Some-college,Adm-clerical,24,0,0,0,0
46,Male,White,Some-college,Craft-repair,45,0,0,0,0
30,Male,Black,Bachelors,Exec-managerial,50,0,0,1,1
29,Male,Black,HS-grad,Adm-clerical,56,0,0,0,0
48,Male,White,Bachelors,Sales,43,0,0,1,0
63,Female,Black,Bachelors,Craft-repair,32,14217,0,0,1
19,Male,White,Masters,Craft-repair,23,0,0,1,1
52,Male,Black,Masters,Adm-clerical,50,0,0,1,1
40,Male,White,Bachelors,Other-service,22,0,0,0,1
34,Female,White,Bachelors,Prof-specialty,36,0,0,0,1
43,Female,White,Bachelors,Other-service,37,0,0,0,0
25,Female,White,Some-college,Craft-repair,39,0,0,0,0
46,Female,White,Some-college,Prof-specialty,40,0,0,0,0
43,Female,White,Bachelors,Craft-repair,41,0,0,0,0
27,Female,White,Bachelors,Craft-repair,15,0,529,0,0
43,Female,White,Some-college,Craft-repair,40,0,0,0,0
51,Male,White,Some-college,Sales,17,0,0,0,0
58,Male,White,HS-grad,Prof-specialty,47,0,0,0,0
24,Male,White,Bachelors,Sales,34,0,0,0,1
21,Male,White,Bachelors,Prof-specialty,18,0,0,1,1
62,Male,White,Masters,Sales,31,0,0,1,1
28,Male,White,HS-grad,Sales,34,0,0,0,0
46,Female,White,Bachelors,Sales,51,0,0,0,1
53,Male,White,Masters,Adm-clerical,41,17134,0,1,1
42,Female,White,Bachelors,Sales,43,0,0,0,0
38,Female,White,Some-college,Other-service,51,0,0,0,0
53,Female,White,HS-grad,Other-service,39,0,0,0,0
27,Female,White,Bachelors,Craft-repair,47,0,0,1,1
54,Female,White,Masters,Exec-managerial,46,0,0,1,1
26,Male,White,HS-grad,Sales,27,1602,0,0,0
41,Male,White,Some-college,Exec-managerial,54,0,0,1,1
52,Male,White,HS-grad,Exec-managerial,25,9496,0,0,1
52,Female,White,HS-grad,Craft-repair,49,0,0,0,0
53,Female,White,Doctorate,Exec-managerial,24,0,0,1,1
35,Female,White,HS-grad,Exec-managerial,46,0,1163,0,0
56,Male,White,Some-college,Other-service,58,0,0,0,0
49,Male,White,HS-grad,Exec-managerial,37,0,0,0,0
41,Male,White,HS-grad,Prof-specialty,37,0,0,0,0
40,Male,White,Bachelors,Sales,46,0,0,1,1
49,Male,White,HS-grad,Sales,36,0,0,0,0
54,Male,White,Some-college,Exec-managerial,58,0,0,0,1
29,Female,White,Some-college,Craft-repair,41,0,0,0,0
30,Male,White,Bachelors,Prof-specialty,36,0,0,1,1
40,Male,White,Bachelors,Craft-repair,34,0,0,1,1
42,Female,White,Some-college,Craft-repair,30,0,0,0,0
52,Male,White,Some-college,Exec-managerial,33,0,0,0,0
58,Male,White,Bachelors,Adm-clerical,36,16164,0,1,1
47,Male,Black,HS-grad,Exec-managerial,35,0,0,0,0
34,Male,White,HS-grad,Other-service,33,0,0,0,0
37,Male,White,Some-college,Adm-clerical,60,0,1633,0,0
42,Male,White,Bachelors,Prof-specialty,29,0,0,1,1
39,Male,White,Bachelors,Adm-clerical,41,0,0,0,1
30,Male,White,Some-college,Exec-managerial,45,0,3778,1,1
36,Male,White,Bachelors,Exec-managerial,46,0,3961,1,1
53,Female,White,HS-grad,Craft-repair,39,0,0,0,0
29,Male,White,HS-grad,Exec-managerial,37,0,0,0,0
58,Female,White,HS-grad,Other-service,44,0,0,0,0
36,Male,Asian-Pac-Islander,HS-grad,Exec-managerial,42,0,0,0,0
29,Male,White,HS-grad,Sales,37,0,0,0,0
26,Female,Black,Bachelors,Sales,24,3495,0,0,0
24,Male,Black,Masters,Craft-repair,35,0,0,1,1
45,Male,White,Some-college,Adm-clerical,28,0,0,0,0
31,Male,White,Some-college,Adm-clerical,33,0,0,0,0
48,Male,White,Bachelors,Sales,40,0,0,0,1
36,Female,White,Bachelors,Other-service,43,0,0,0,0
64,Female,White,HS-grad,Prof-specialty,57,0,0,0,0
33,Male,White,HS-grad,Other-service,34,0,0,0,0
22,Male,White,HS-grad,Sales,47,0,0,0,0
52,Male,White,Masters,Other-service,43,0,0,1,1
29,Female,White,Bachelors,Prof-specialty,52,0,0,1,1
42,Female,White,Bachelors,Adm-clerical,45,0,0,0,1
38,Female,White,HS-grad,Sales,29,0,0,0,0
53,Male,White,Masters,Exec-managerial,22,0,0,1,1
40,Female,White,Bachelors,Prof-specialty,43,0,0,0,1
33,Male,White,Masters,Prof-specialty,34,0,0,1,1
56,Male,White,HS-grad,Prof-specialty,30,0,0,0,0
62,Female,White,Some-college,Adm-clerical,27,0,0,0,0
59,Male,White,Some-college,Other-service,41,0,0,0,0
56,Female,White,HS-grad,Craft-repair,55,0,0,0,0
31,Male,White,Bachelors,Exec-managerial,35,0,0,1,1
48,Female,White,HS-grad,Sales,45,0,0,0,0
22,Male,Black,Bachelors,Other-service,38,0,0,0,0
52,Male,White,Masters,Prof-specialty,27,0,0,1,1
40,Male,White,Some-college,Adm-clerical,47,0,0,0,0
46,Male,White,Masters,Prof-specialty,29,0,0,1,1
60,Male,White,Some-college,Other-service,40,0,0,0,0
28,Male,White,HS-grad,Sales,36,0,0,0,0
35,Male,White,Bachelors,Exec-managerial,48,0,0,1,1
64,Male,Other,Doctorate,Prof-specialty,29,0,0,1,1
29,Male,White,HS-grad,Adm-clerical,43,0,0,0,0
26,Male,White,Masters,Adm-clerical,31,0,0,1,1
27,Female,White,HS-grad,Craft-repair,34,0,0,0,0
61,Female,White,Bachelors,Adm-clerical,10,0,0,0,0
34,Male,White,Some-college,Craft-repair,60,0,0,0,1
55,Male,White,Bachelors,Exec-managerial,45,0,0,1,1
24,Female,White,Some-college,Sales,32,0,0,0,0
63,Male,White,Some-college,Craft-repair,28,0,0,0,0
30,Male,White,Some-college,Prof-specialty,35,19495,0,1,1
57,Male,White,Masters,Other-service,47,0,0,1,1
59,Male,White,Masters,Prof-specialty,21,0,0,1,1
26,Male,White,Some-college,Sales,38,0,837,0,0
44,Male,White,HS-grad,Adm-clerical,57,0,0,0,0
19,Male,Asian-Pac-Islander,HS-grad,Other-service,28,0,0,0,0
22,Male,White,Masters,Prof-specialty,40,0,0,1,1
46,Male,White,HS-grad,Other-service,62,0,0,0,0
54,Male,White,HS-grad,Craft-repair,46,0,0,0,0
55,Male,White,HS-grad,Sales,41,0,0,0,0
36,Male,White,Masters,Prof-specialty,45,0,0,1,1
25,Female,Asian-Pac-Islander,Some-college,Adm-clerical,35,0,0,0,0
62,Male,White,Bachelors,Other-service,52,0,0,1,1
18,Male,White,Some-college,Adm-clerical,36,0,0,0,0
39,Male,White,Masters,Other-service,20,0,0,1,1
34,Female,White,Some-college,Prof-specialty,36,0,0,0,0
24,Male,White,Masters,Sales,30,0,0,1,1
42,Male,White,Some-college,Exec-managerial,37,0,0,0,0
62,Female,Black,Bachelors,Prof-specialty,37,0,0,0,1
21,Male,Black,Some-college,Adm-clerical,51,0,0,0,0
53,Female,White,Bachelors,Exec-managerial,46,0,1332,1,1
23,Male,White,Some-college,Sales,42,0,0,0,0
48,Female,White,Some-college,Adm-clerical,39,0,0,0,0
36,Female,Black,HS-grad,Sales,29,0,0,0,0
61,Female,White,Bachelors,Other-service,18,0,0,0,0
56,Male,White,Some-college,Prof-specialty,41,0,0,0,0
44,Male,White,HS-grad,Sales,47,0,0,0,0
27,Female,White,Some-college,Adm-clerical,38,0,0,0,0
43,Female,White,Bachelors,Prof-specialty,34,0,0,0,1
36,Female,White,Bachelors,Adm-clerical,44,10572,0,1,1
56,Male,White,Some-college,Adm-clerical,39,0,0,0,0
20,Female,White,Masters,Exec-managerial,56,0,0,1,1
62,Male,White,Some-college,Craft-repair,52,0,0,0,0
30,Male,Black,HS-grad,Sales,49,0,0,0,0
45,Male,White,Masters,Sales,47,0,305,1,1
37,Male,White,Masters,Exec-managerial,27,0,0,1,1
45,Female,White,Masters,Other-service,46,0,0,1,1
25,Male,White,Masters,Sales,43,0,0,1,1
58,Male,White,Masters,Exec-managerial,46,0,0,1,1
56,Male,White,HS-grad,Sales,44,0,0,0,0
18,Male,White,HS-grad,Sales,44,0,0,0,0
20,Male,White,Some-college,Adm-clerical,67,0,0,0,0
30,Male,White,Bachelors,Exec-managerial,39,0,0,1,1
45,Male,White,Masters,Other-service,49,6561,0,1,1
42,Female,White,Bachelors,Sales,35,0,0,0,0
50,Female,White,Masters,Other-service,47,0,0,1,1
55,Male,White,Doctorate,Craft-repair,49,0,0,1,1
23,Male,White,Bachelors,Exec-managerial,43,0,0,1,1
61,Male,White,Bachelors,Exec-managerial,56,0,0,1,1
62,Female,White,Bachelors,Exec-managerial,31,0,0,1,1
49,Male,Asian-Pac-Islander,Masters,Adm-clerical,35,0,1445,1,1
62,Male,White,Some-college,Exec-managerial,42,0,0,0,0
64,Male,White,Bachelors,Adm-clerical,48,0,0,1,1
38,Female,White,Doctorate,Craft-repair,41,0,1099,1,1
33,Male,White,HS-grad,Prof-specialty,52,0,0,0,0
38,Male,White,HS-grad,Adm-clerical,33,0,0,0,0
28,Female,White,Some-college,Sales,28,0,0,0,0
54,Female,White,HS-grad,Exec-managerial,43,0,0,0,0
53,Female,Black,HS-grad,Prof-specialty,39,0,0,0,0
52,Male,White,Bachelors,Adm-clerical,45,0,0,1,1
36,Female,White,Bachelors,Other-service,39,0,0,0,0
37,Female,Black,HS-grad,Other-service,36,0,0,0,0
35,Female,White,Bachelors,Sales,39,0,0,0,0
64,Female,White,Masters,Prof-specialty,40,0,0,1,1
58,Female,White,HS-grad,Craft-repair,36,0,0,0,0
31,Male,White,HS-grad,Adm-clerical,37,0,0,0,0
32,Male,White,Bachelors,Other-service,35,17762,0,0,1
48,Female,White,HS-grad,Other-service,48,0,0,0,0
18,Male,White,Masters,Adm-clerical,41,0,0,1,1
20,Male,White,Some-college,Other-service,62,0,0,0,0
33,Male,White,Bachelors,Craft-repair,41,3989,0,1,0
40,Female,White,Some-college,Other-service,34,0,0,0,0
28,Male,White,Masters,Adm-clerical,66,0,0,1,1
29,Female,Black,Masters,Exec-managerial,44,0,0,1,1
27,Male,White,HS-grad,Other-service,49,0,0,0,0
49,Male,White,Bachelors,Adm-clerical,45,0,0,1,1
33,Male,White,Bachelors,Exec-managerial,46,0,0,1,1
25,Male,White,Masters,Other-service,45,0,0,1,1
55,Male,White,HS-grad,Other-service,28,0,1392,0,0
29,Male,White,Some-college,Adm-clerical,43,0,0,0,0
41,Male,Amer-Indian-Eskimo,HS-grad,Sales,26,0,2065,0,0
45,Female,Black,Bachelors,Sales,38,0,0,0,0
25,Male,Black,Doctorate,Prof-specialty,32,0,0,1,1
45,Male,Black,HS-grad,Sales,43,0,0,0,0
53,Male,White,HS-grad,Craft-repair,43,0,0,0,0
43,Male,White,Masters,Prof-specialty,44,0,0,1,1
25,Male,Black,Some-college,Sales,42,0,0,0,0
45,Female,White,Some-college,Exec-managerial,33,0,0,0,0
45,Female,Asian-Pac-Islander,Masters,Adm-clerical,37,0,0,1,1
54,Female,White,Masters,Sales,49,0,0,1,1
58,Male,White,Some-college,Exec-managerial,50,0,0,1,1
53,Male,White,HS-grad,Prof-specialty,28,0,0,0,0
44,Male,Black,Bachelors,Adm-clerical,24,0,0,0,0
34,Male,White,HS-grad,Sales,32,0,0,0,0
26,Male,White,Bachelors,Prof-specialty,50,0,0,1,1
50,Male,White,Masters,Sales,52,0,0,1,1
37,Male,White,Masters,Prof-specialty,30,0,0,1,1
30,Female,White,Masters,Sales,43,0,0,0,1
45,Male,White,Bachelors,Exec-managerial,58,0,0,1,1
46,Male,White,Doctorate,Craft-repair,44,0,0,1,1
30,Male,White,HS-grad,Exec-managerial,54,0,0,0,0
63,Female,White,Masters,Adm-clerical,49,0,0,1,1
52,Male,White,Masters,Sales,30,0,0,1,1
23,Male,White,HS-grad,Craft-repair,38,0,0,0,0
35,Female,White,Bachelors,Craft-repair,40,0,505,0,0
22,Male,Asian-Pac-Islander,Bachelors,Adm-clerical,41,0,0,1,1
64,Male,White,Some-college,Adm-clerical,49,0,0,0,0
42,Male,White,Some-college,Craft-repair,44,0,0,0,0
19,Male,White,Masters,Adm-clerical,10,0,0,1,1
27,Male,White,Bachelors,Adm-clerical,26,0,0,1,1
47,Male,White,HS-grad,Sales,18,0,0,0,0
62,Male,White,Doctorate,Exec-managerial,41,0,0,1,1
22,Male,White,Some-college,Other-service,42,0,0,0,0
50,Male,White,Bachelors,Prof-specialty,42,0,0,1,1
18,Female,White,Bachelors,Craft-repair,30,0,0,0,0
35,Male,White,Doctorate,Prof-specialty,46,0,0,1,1
49,Male,White,HS-grad,Craft-repair,47,18778,0,0,0
64,Female,White,HS-grad,Craft-repair,27,0,0,0,0
28,Female,White,Bachelors,Exec-managerial,25,0,0,0,1
38,Female,Black,HS-grad,Craft-repair,39,0,0,0,0
43,Male,White,Some-college,Craft-repair,57,0,0,0,0
42,Female,White,Some-college,Exec-managerial,56,0,0,0,0
39,Male,White,Masters,Adm-clerical,45,0,0,1,1
44,Male,Black,HS-grad,Other-service,32,0,0,0,0
30,Male,White,Bachelors,Prof-specialty,48,0,0,1,1
50,Female,White,HS-grad,Craft-repair,35,0,0,0,0
51,Male,White,HS-grad,Exec-managerial,32,0,0,0,0
58,Male,Asian-Pac-Islander,Masters,Craft-repair,18,0,0,1,1
52,Male,White,HS-grad,Exec-managerial,41,0,0,0,0
18,Male,White,Bachelors,Prof-specialty,33,0,109,1,1
38,Female,White,Bachelors,Sales,40,0,0,0,1
23,Male,White,HS-grad,Adm-clerical,17,2343,0,0,0
45,Male,White,Bachelors,Sales,41,0,0,0,1
34,Female,White,Bachelors,Exec-managerial,15,0,0,0,1
22,Male,Black,Some-college,Craft-repair,50,0,2433,0,0
48,Female,White,HS-grad,Adm-clerical,45,0,314,0,0
22,Female,White,HS-grad,Prof-specialty,37,0,0,0,0
55,Female,White,Some-college,Other-service,45,0,0,0,0
20,Female,White,Some-college,Adm-clerical,30,0,0,0,0
40,Male,White,Masters,Craft-repair,40,0,0,1,1
54,Male,White,Some-college,Sales,47,0,0,1,1
54,Male,White,HS-grad,Exec-managerial,10,0,0,0,0
27,Male,White,HS-grad,Sales,35,5355,0,0,0
27,Male,White,HS-grad,Adm-clerical,39,0,0,0,0
36,Male,White,Masters,Other-service,38,0,0,1,1
34,Female,White,Masters,Craft-repair,54,0,0,1,1
38,Male,White,HS-grad,Exec-managerial,28,0,0,0,0
31,Male,White,Bachelors,Craft-repair,33,0,0,0,1
26,Male,White,Masters,Craft-repair,20,0,0,1,1
63,Male,White,Bachelors,Other-service,55,12865,0,1,1
18,Female,White,Masters,Adm-clerical,37,0,0,1,1
62,Male,Asian-Pac-Islander,Masters,Sales,35,0,0,1,1
30,Male,White,Doctorate,Craft-repair,39,0,0,1,1
21,Male,Black,Some-college,Craft-repair,46,0,0,0,0
18,Male,White,Some-college,Craft-repair,43,0,0,0,0
57,Male,Black,HS-grad,Exec-managerial,66,0,0,0,0
49,Female,White,Doctorate,Craft-repair,44,0,0,1,1
51,Male,White,Masters,Craft-repair,35,0,0,1,1
45,Male,White,Bachelors,Adm-clerical,34,0,0,1,1
48,Male,White,Bachelors,Craft-repair,36,0,0,1,0
25,Female,Asian-Pac-Islander,HS-grad,Other-service,24,19497,0,0,0
56,Female,White,HS-grad,Other-service,40,0,0,0,0
43,Male,White,Masters,Craft-repair,47,0,1878,1,1
51,Male,Black,Some-college,Other-service,33,0,0,0,0
20,Female,White,Bachelors,Adm-clerical,31,5123,0,0,1
29,Female,White,Bachelors,Exec-managerial,55,0,0,1,1
18,Female,White,Some-college,Other-service,25,0,0,0,0
61,Female,Black,Bachelors,Other-service,19,0,0,0,0
22,Male,White,HS-grad,Sales,28,0,0,0,0
47,Male,White,Masters,Adm-clerical,24,0,0,1,1
47,Female,White,HS-grad,Other-service,43,0,0,0,0
34,Female,White,Bachelors,Exec-managerial,36,0,0,0,1
64,Male,White,Bachelors,Sales,37,0,0,1,0
40,Male,Black,Bachelors,Craft-repair,51,0,0,0,1
32,Female,Black,Masters,Adm-clerical,33,0,0,0,0
54,Male,White,HS-grad,Other-service,47,0,0,0,0
38,Female,White,Bachelors,Craft-repair,55,0,0,0,1
31,Male,White,Masters,Adm-clerical,35,0,0,1,1
19,Male,White,Some-college,Sales,47,0,2052,0,0
28,Male,White,Bachelors,Other-service,37,0,0,1,1
56,Male,Black,HS-grad,Exec-managerial,49,0,0,0,0
55,Male,White,Masters,Adm-clerical,24,0,0,1,1
51,Male,White,HS-grad,Exec-managerial,23,0,0,0,0
55,Female,White,HS-grad,Craft-repair,36,0,0,0,0
51,Female,White,Masters,Craft-repair,31,0,0,1,1
35,Male,White,Some-college,Sales,34,0,0,0,0
47,Male,White,Some-college,Sales,37,17077,0,0,0
32,Male,Black,Masters,Prof-specialty,47,0,0,1,1
44,Male,Black,Doctorate,Prof-specialty,35,0,0,1,1
51,Male,White,HS-grad,Sales,31,0,3363,0,0
55,Male,Black,Masters,Other-service,36,0,0,1,1
50,Male,White,HS-grad,Craft-repair,32,0,0,0,0
41,Male,White,Bachelors,Exec-managerial,30,0,0,1,1
32,Male,White,Doctorate,Sales,23,0,0,1,1
47,Female,White,Masters,Other-service,40,0,0,0,1
59,Male,Black,HS-grad,Exec-managerial,34,0,0,0,0
34,Female,White,Some-college,Prof-specialty,49,0,0,0,0
22,Female,White,Bachelors,Exec-managerial,25,0,0,1,1
46,Female,White,HS-grad,Sales,34,0,0,0,0
21,Female,White,Bachelors,Craft-repair,58,0,0,1,1
27,Male,White,Some-college,Sales,30,0,0,0,0
34,Male,White,Doctorate,Adm-clerical,37,0,0,1,1
27,Male,White,HS-grad,Other-service,27,0,0,0,0
34,Female,White,Masters,Other-service,26,0,0,1,1
37,Female,White,HS-grad,Other-service,55,0,0,0,0
41,Female,White,Some-college,Adm-clerical,41,7897,0,0,0
22,Male,White,HS-grad,Adm-clerical,41,6629,0,0,0
51,Female,White,HS-grad,Craft-repair,23,11951,0,0,0
23,Male,Black,Some-college,Other-service,43,0,0,0,0
19,Male,White,HS-grad,Sales,51,0,0,0,0
30,Female,White,Bachelors,Adm-clerical,51,0,0,0,1
60,Male,White,Masters,Sales,46,0,0,1,1
60,Female,White,Some-college,Prof-specialty,28,18202,0,0,1
28,Male,White,HS-grad,Other-service,43,0,0,0,0
64,Female,White,Bachelors,Adm-clerical,46,15135,0,1,1
40,Male,White,HS-grad,Adm-clerical,22,0,0,0,0
33,Female,White,HS-grad,Craft-repair,28,0,0,0,0
48,Female,White,Bachelors,Sales,48,0,2097,1,0
28,Female,White,Masters,Craft-repair,48,0,0,1,1
33,Male,White,Some-college,Craft-repair,24,6949,0,0,0
25,Female,White,HS-grad,Sales,47,0,0,0,0
21,Male,White,HS-grad,Prof-specialty,40,0,0,0,0
57,Male,White,HS-grad,Sales,47,0,0,0,0
21,Male,White,Bachelors,Prof-specialty,33,0,0,1,1
42,Female,White,Some-college,Craft-repair,46,0,0,0,0
20,Male,White,HS-grad,Prof-specialty,48,0,0,0,0
49,Female,White,HS-grad,Other-service,36,0,0,0,0
20,Female,White,Masters,Prof-specialty,40,0,0,1,1
44,Male,White,HS-grad,Prof-specialty,33,0,0,0,0
46,Female,White,Masters,Adm-clerical,56,0,0,1,1
49,Male,White,Bachelors,Adm-clerical,38,0,0,1,1
36,Female,White,Some-college,Craft-repair,30,0,0,0,0
38,Male,White,Some-college,Sales,32,0,0,0,0
22,Male,White,Masters,Prof-specialty,41,0,0,1,1
35,Male,White,Some-college,Other-service,47,0,0,0,0
45,Male,White,Bachelors,Adm-clerical,26,0,0,0,1
59,Male,White,HS-grad,Sales,58,0,0,0,0
39,Male,White,Masters,Other-service,43,0,0,1,1
38,Male,White,Masters,Prof-specialty,44,0,0,1,1
23,Male,White,HS-grad,Sales,39,0,0,0,0
18,Male,White,HS-grad,Other-service,40,15897,0,0,0
22,Female,White,Bachelors,Exec-managerial,38,0,0,0,1
58,Male,White,HS-grad,Other-service,50,0,0,0,0
29,Female,White,Bachelors,Other-service,39,18597,0,1,1
43,Male,Black,Doctorate,Prof-specialty,47,0,0,1,1
63,Female,White,Bachelors,Sales,35,0,0,0,0
51,Male,White,Bachelors,Prof-specialty,41,0,0,1,1
31,Male,White,Masters,Prof-specialty,31,0,0,1,1
43,Female,White,Masters,Exec-managerial,52,0,0,1,1
62,Male,White,Some-college,Other-service,31,0,0,0,0
44,Female,White,Masters,Sales,36,0,0,1,1
26,Female,White,HS-grad,Craft-repair,36,0,0,0,0
43,Male,White,Some-college,Adm-clerical,36,0,0,0,0
64,Female,White,HS-grad,Prof-specialty,47,0,0,0,0
39,Male,White,Bachelors,Prof-specialty,36,0,0,1,1
64,Male,White,Masters,Prof-specialty,53,0,0,1,1
47,Male,White,Some-college,Prof-specialty,31,0,0,0,0
60,Female,Black,HS-grad,Adm-clerical,41,0,0,0,0
34,Female,Black,HS-grad,Craft-repair,32,0,0,0,0
43,Female,Black,Bachelors,Exec-managerial,44,0,0,0,1
53,Male,White,Bachelors,Craft-repair,39,0,0,0,1
18,Male,Black,HS-grad,Adm-clerical,38,0,0,0,0
25,Female,White,Masters,Sales,51,0,0,1,1
52,Male,White,Bachelors,Exec-managerial,33,0,0,1,1
32,Male,White,Some-college,Exec-managerial,45,0,0,1,1
64,Male,White,Some-college,Sales,32,0,0,0,0
39,Male,White,Masters,Other-service,41,0,0,1,1
31,Male,White,Some-college,Prof-specialty,28,0,0,0,0
43,Male,White,Bachelors,Adm-clerical,33,0,0,1,1
45,Male,White,HS-grad,Sales,39,0,0,0,0
40,Male,White,Masters,Craft-repair,58,0,0,1,1
31,Male,White,Some-college,Craft-repair,41,0,0,0,0
41,Male,White,Some-college,Other-service,56,0,0,0,0
19,Male,White,HS-grad,Sales,42,0,0,0,0
62,Male,White,Some-college,Adm-clerical,36,0,0,0,0
43,Male,White,Bachelors,Other-service,55,0,0,1,1
31,Male,White,Some-college,Other-service,44,0,0,0,0
24,Female,White,Some-college,Other-service,33,0,0,0,0
20,Female,White,Bachelors,Exec-managerial,44,0,0,1,1
64,Male,White,Doctorate,Exec-managerial,37,0,0,1,1
40,Male,White,Bachelors,Prof-specialty,20,2611,0,1,1
63,Female,White,HS-grad,Adm-clerical,49,0,0,0,0
60,Male,White,HS-grad,Craft-repair,50,0,0,0,0
64,Male,White,Masters,Craft-repair,58,0,0,1,1
62,Male,Black,Some-college,Prof-specialty,44,0,0,0,0
35,Male,White,Masters,Craft-repair,37,0,3301,1,1
55,Male,White,HS-grad,Other-service,48,0,0,0,0
52,Female,White,Some-college,Prof-specialty,48,0,0,0,1
32,Female,Black,Some-college,Prof-specialty,56,1329,2981,0,0
42,Male,White,Bachelors,Sales,39,0,1239,1,0
54,Male,White,Some-college,Exec-managerial,38,0,0,1,0
45,Male,White,Bachelors,Adm-clerical,32,0,2562,0,1
27,Male,White,Some-college,Adm-clerical,45,0,0,0,0
56,Male,White,HS-grad,Exec-managerial,24,0,0,0,0
34,Male,White,Bachelors,Other-service,47,0,347,1,1
56,Male,White,HS-grad,Adm-clerical,45,0,0,0,0
39,Male,White,Masters,Craft-repair,45,0,0,1,1
43,Male,White,HS-grad,Craft-repair,41,0,0,0,0
61,Female,White,Bachelors,Adm-clerical,55,0,0,0,1
42,Male,White,Masters,Sales,48,0,324,1,1
34,Female,Asian-Pac-Islander,Some-college,Adm-clerical,33,0,0,0,0
30,Male,White,HS-grad,Prof-specialty,34,0,0,0,0
37,Male,White,Bachelors,Other-service,31,0,0,1,1
42,Male,White,HS-grad,Prof-specialty,45,0,0,0,0
21,Male,White,Bachelors,Exec-managerial,29,12509,0,1,1
27,Male,White,Some-college,Other-service,50,0,0,0,0
20,Female,White,Some-college,Other-service,53,0,0,0,0
58,Female,White,Masters,Craft-repair,31,0,0,1,1
62,Male,Other,HS-grad,Other-service,38,0,0,0,0
35,Male,White,Some-college,Sales,40,0,0,0,0
64,Male,Black,Masters,Adm-clerical,48,0,3500,1,1
53,Male,White,Some-college,Prof-specialty,56,0,0,1,1
64,Male,Black,Masters,Craft-repair,23,0,0,1,1
39,Male,White,Some-college,Craft-repair,36,0,2063,0,0
51,Male,White,Masters,Sales,37,0,0,1,1
64,Male,Black,HS-grad,Sales,25,0,0,0,0
25,Male,White,Some-college,Sales,35,0,0,0,0
57,Male,White,HS-grad,Sales,44,0,0,0,0
61,Male,White,Masters,Prof-specialty,37,0,0,1,1
36,Female,White,Bachelors,Sales,24,0,0,0,1
59,Male,White,Masters,Craft-repair,68,0,0,1,1
58,Female,White,Masters,Craft-repair,42,0,0,1,1
54,Female,White,Bachelors,Other-service,41,0,0,0,0
23,Female,White,Bachelors,Adm-clerical,29,0,1559,0,1
43,Female,White,Masters,Craft-repair,42,0,0,0,1
51,Male,White,Some-college,Craft-repair,38,0,0,0,0
62,Female,White,HS-grad,Prof-specialty,21,0,0,0,0
23,Male,White,Bachelors,Other-service,29,0,0,1,0
54,Male,White,Masters,Craft-repair,47,0,0,1,1
50,Female,White,Bachelors,Exec-managerial,59,0,0,1,1
39,Female,White,HS-grad,Craft-repair,43,0,0,0,0
38,Female,White,Bachelors,Adm-clerical,51,0,0,0,0
23,Female,White,Bachelors,Adm-clerical,38,0,0,0,0
23,Female,White,Bachelors,Other-service,39,0,0,0,1
21,Female,White,HS-grad,Other-service,50,0,0,0,0
47,Female,White,Bachelors,Sales,56,0,0,0,1
28,Male,Black,HS-grad,Prof-specialty,53,0,0,0,0
47,Female,White,HS-grad,Adm-clerical,29,0,0,0,0
48,Female,White,HS-grad,Exec-managerial,39,0,2339,0,0
41,Female,White,HS-grad,Exec-managerial,42,0,0,0,0
26,Female,White,Some-college,Sales,37,6850,0,0,0
20,Male,Black,Bachelors,Prof-specialty,43,0,0,1,1
48,Male,White,HS-grad,Prof-specialty,48,0,0,0,0
57,Female,White,Bachelors,Other-service,50,0,0,0,1
54,Male,White,Bachelors,Craft-repair,56,0,0,1,1
53,Male,White,Masters,Exec-managerial,36,0,0,1,1
41,Male,White,Masters,Exec-managerial,26,17659,0,1,1
48,Female,White,Some-college,Exec-managerial,43,0,0,0,0
23,Female,Black,Masters,Exec-managerial,58,0,0,1,1
19,Female,Black,Some-college,Adm-clerical,35,0,0,0,0
37,Male,White,Bachelors,Prof-specialty,46,0,0,1,1
45,Male,White,Bachelors,Craft-repair,46,0,0,1,1
28,Male,White,Bachelors,Adm-clerical,41,16204,0,1,1
21,Male,Black,Bachelors,Prof-specialty,40,0,0,1,1
32,Female,Other,HS-grad,Sales,30,0,0,0,0
23,Male,White,Masters,Exec-managerial,17,0,0,1,1
47,Male,White,Bachelors,Craft-repair,28,0,0,0,1
55,Male,White,Some-college,Prof-specialty,36,0,0,0,0
19,Male,White,Some-college,Sales,50,0,0,0,0
32,Female,White,HS-grad,Exec-managerial,38,0,0,0,0
28,Male,White,Bachelors,Sales,34,0,0,1,1
25,Female,White,Bachelors,Sales,31,0,0,0,1
43,Male,White,Bachelors,Adm-clerical,46,0,0,1,1
62,Male,White,Bachelors,Sales,53,0,0,1,1
61,Male,White,HS-grad,Adm-clerical,50,0,0,0,0
22,Male,White,Bachelors,Other-service,46,0,0,1,1
23,Female,White,HS-grad,Adm-clerical,25,0,0,0,0
43,Male,White,Some-college,Sales,36,0,0,0,0
21,Male,White,Masters,Prof-specialty,59,0,0,1,1
36,Male,White,Some-college,Sales,51,0,0,1,0
37,Male,White,Bachelors,Sales,24,0,0,0,0
50,Female,White,HS-grad,Prof-specialty,39,0,0,0,0
37,Male,White,Masters,Exec-managerial,43,0,0,1,1
29,Male,White,Bachelors,Craft-repair,32,0,0,0,1
64,Female,White,Bachelors,Other-service,16,0,0,0,0
18,Male,White,Masters,Exec-managerial,40,0,0,1,1
43,Male,White,Masters,Sales,32,0,0,1,1
31,Male,White,HS-grad,Exec-managerial,32,0,0,0,0
55,Male,White,HS-grad,Craft-repair,36,0,0,0,0
54,Female,White,HS-grad,Exec-managerial,38,0,0,0,0
28,Male,White,Bachelors,Craft-repair,39,0,0,0,1
53,Female,White,HS-grad,Exec-managerial,31,0,0,0,0
30,Male,White,Bachelors,Adm-clerical,37,0,0,0,1
60,Female,Black,Bachelors,Sales,22,0,0,0,0
20,Male,White,Some-college,Craft-repair,43,0,0,0,0
50,Female,White,Masters,Other-service,11,8392,0,1,1
23,Male,White,Doctorate,Sales,37,0,0,1,1
27,Male,Black,HS-grad,Adm-clerical,49,0,0,0,0
22,Female,White,HS-grad,Exec-managerial,29,0,0,0,0
40,Female,White,Bachelors,Sales,47,0,0,0,0
27,Male,White,Bachelors,Exec-managerial,51,0,0,1,1
61,Male,White,Bachelors,Exec-managerial,10,0,0,1,1
19,Male,White,Some-college,Sales,38,0,0,0,0
30,Female,White,Masters,Craft-repair,11,0,0,1,1
57,Female,White,HS-grad,Craft-repair,38,0,0,0,0
19,Male,White,HS-grad,Sales,39,0,0,0,0
37,Female,White,Some-college,Craft-repair,15,0,0,0,0
18,Female,White,Bachelors,Prof-specialty,59,0,0,1,1
54,Male,White,HS-grad,Exec-managerial,42,0,0,0,0
26,Female,White,HS-grad,Sales,31,0,0,0,0
34,Male,White,Some-college,Other-service,54,0,468,0,0
26,Male,White,Some-college,Adm-clerical,22,0,0,0,0
28,Male,White,Bachelors,Sales,27,0,0,0,1
32,Male,White,Some-college,Sales,17,0,0,0,0
41,Male,White,Some-college,Exec-managerial,58,0,0,0,1
55,Male,White,Bachelors,Adm-clerical,43,0,0,0,0
52,Female,White,HS-grad,Exec-managerial,46,0,0,0,0
47,Male,White,HS-grad,Other-service,43,0,0,0,0
48,Male,White,Some-college,Craft-repair,45,12233,0,1,1
22,Female,Asian-Pac-Islander,Bachelors,Sales,40,0,0,0,0
61,Male,White,Some-college,Exec-managerial,42,0,0,0,0
31,Male,White,HS-grad,Other-service,41,14275,0,0,0
28,Female,White,Doctorate,Other-service,33,0,0,1,1
26,Female,White,HS-grad,Prof-specialty,39,0,0,0,0
51,Male,White,Masters,Sales,42,0,0,1,1
29,Male,White,Some-college,Other-service,41,19888,0,0,0
52,Female,White,Some-college,Craft-repair,25,0,0,0,0
52,Male,Black,Some-college,Exec-managerial,26,0,0,0,0
18,Male,White,Bachelors,Exec-managerial,50,0,0,1,1
57,Male,White,Masters,Prof-specialty,36,0,0,1,1
39,Male,Black,Bachelors,Craft-repair,45,0,0,1,1
46,Female,White,HS-grad,Other-service,29,0,0,0,0
25,Female,White,HS-grad,Prof-specialty,25,0,0,0,0
28,Female,White,HS-grad,Other-service,31,0,0,0,0
58,Female,White,HS-grad,Other-service,37,0,0,0,0
54,Male,White,Some-college,Sales,33,0,0,0,0
31,Male,White,Bachelors,Adm-clerical,52,0,0,1,1
47,Female,White,Masters,Other-service,41,0,0,1,1
52,Male,Asian-Pac-Islander,HS-grad,Exec-managerial,58,0,0,0,0
38,Male,Black,Bachelors,Other-service,44,0,0,0,0
54,Female,Black,Bachelors,Prof-specialty,15,0,0,0,0
22,Male,White,Some-college,Other-service,50,0,0,0,0
36,Male,White,Some-college,Exec-managerial,24,0,0,0,0
31,Female,White,Some-college,Exec-managerial,42,0,0,0,0
43,Female,White,Some-college,Prof-specialty,32,0,0,0,0
21,Male,Black,Bachelors,Exec-managerial,61,0,0,1,1
42,Female,White,HS-grad,Craft-repair,54,0,0,0,0
62,Male,Black,Masters,Craft-repair,32,0,0,1,1
59,Male,White,HS-grad,Adm-clerical,38,0,0,0,0
42,Female,Asian-Pac-Islander,HS-grad,Craft-repair,42,4462,0,0,0
35,Female,Black,HS-grad,Prof-specialty,48,18824,3971,0,0
57,Male,White,Masters,Other-service,40,0,0,1,1
25,Male,White,Masters,Craft-repair,29,0,0,1,1
56,Male,White,Bachelors,Adm-clerical,32,0,0,0,1
57,Male,White,HS-grad,Sales,39,0,0,0,0
31,Male,White,Masters,Sales,52,0,0,1,1
49,Male,White,Masters,Prof-specialty,44,10153,0,1,1
55,Male,Black,Bachelors,Adm-clerical,32,0,0,0,0
50,Male,White,Doctorate,Craft-repair,46,0,0,1,1
40,Male,White,Bachelors,Adm-clerical,36,0,0,1,1
32,Female,White,HS-grad,Exec-managerial,48,0,0,0,0
50,Male,White,Some-college,Adm-clerical,65,7091,0,1,1
42,Male,White,Masters,Craft-repair,36,0,0,1,1
34,Female,White,HS-grad,Prof-specialty,48,0,0,0,0
50,Female,White,Masters,Exec-managerial,32,0,1852,1,1
64,Male,White,Masters,Adm-clerical,38,0,0,1,1
19,Male,White,Some-college,Sales,40,0,0,0,0
31,Female,White,Doctorate,Craft-repair,38,0,0,1,1
57,Male,White,Masters,Prof-specialty,64,0,0,1,1
57,Female,White,HS-grad,Other-service,36,0,0,0,0
56,Male,White,Bachelors,Craft-repair,45,0,0,1,1
23,Male,Asian-Pac-Islander,HS-grad,Adm-clerical,20,9687,0,0,0
23,Male,White,HS-grad,Prof-specialty,44,0,0,0,0
20,Female,White,Masters,Sales,51,0,0,1,1
24,Female,White,HS-grad,Exec-managerial,34,0,0,0,0
25,Male,White,HS-grad,Adm-clerical,14,0,0,0,0
59,Male,Black,Bachelors,Prof-specialty,39,0,3820,1,1
32,Male,White,HS-grad,Exec-managerial,40,0,0,0,0
64,Male,White,HS-grad,Prof-specialty,47,0,0,0,0
46,Female,White,Doctorate,Other-service,60,0,0,1,1
50,Male,White,Bachelors,Adm-clerical,36,0,0,0,1
47,Female,White,Masters,Prof-specialty,31,0,0,1,1
56,Male,White,Some-college,Sales,28,0,0,0,0
44,Female,White,Bachelors,Prof-specialty,41,0,0,1,1
53,Female,White,HS-grad,Adm-clerical,44,0,0,0,0
46,Male,White,Bachelors,Prof-specialty,34,12824,0,1,1
55,Male,White,Masters,Exec-managerial,47,0,0,1,1
50,Male,White,Masters,Exec-managerial,44,0,0,1,1
54,Male,White,HS-grad,Other-service,40,0,0,0,0
44,Male,White,HS-grad,Craft-repair,30,5842,0,0,0
50,Male,White,Some-college,Other-service,35,0,0,0,0
21,Female,White,Bachelors,Craft-repair,15,0,0,0,0
39,Male,White,Bachelors,Sales,42,0,0,1,1
19,Female,White,Some-college,Exec-managerial,40,8570,0,1,1
27,Female,White,Masters,Craft-repair,41,9696,0,1,1
22,Female,Black,Some-college,Prof-specialty,45,0,0,0,0
27,Male,White,Masters,Sales,43,0,0,1,1
50,Male,White,Some-college,Adm-clerical,38,6773,0,0,0
55,Male,White,HS-grad,Craft-repair,40,0,3245,0,0
30,Male,Black,Doctorate,Other-service,25,0,0,1,1
48,Male,White,Some-college,Craft-repair,34,0,2811,0,0
64,Female,Amer-Indian-Eskimo,Masters,Other-service,40,0,0,0,1
53,Male,Black,Bachelors,Other-service,32,0,0,0,0
62,Male,White,HS-grad,Exec-managerial,48,0,157,0,0
41,Female,Black,Bachelors,Sales,33,18708,0,0,1
32,Male,White,Bachelors,Other-service,42,18392,0,1,1
46,Male,White,HS-grad,Exec-managerial,41,11525,0,1,1
25,Female,White,Masters,Exec-managerial,47,0,0,1,1
22,Male,White,Masters,Other-service,49,0,0,1,1
46,Male,White,HS-grad,Sales,46,0,0,0,0
64,Male,White,Masters,Prof-specialty,18,0,0,1,1
21,Female,White,Bachelors,Craft-repair,51,0,0,0,1
29,Male,White,Bachelors,Exec-managerial,55,0,0,1,1
62,Male,White,Bachelors,Craft-repair,35,7590,0,1,1
19,Male,White,HS-grad,Sales,42,0,0,0,0
44,Male,White,Bachelors,Prof-specialty,31,0,0,1,1
48,Male,White,HS-grad,Adm-clerical,20,0,0,0,0
53,Male,White,HS-grad,Prof-specialty,32,0,0,0,0
53,Male,White,Some-college,Sales,34,0,0,0,0
43,Male,White,Bachelors,Prof-specialty,36,0,0,1,1
60,Male,White,Masters,Adm-clerical,30,0,0,1,1
44,Male,White,Masters,Exec-managerial,32,0,0,1,1
22,Male,Asian-Pac-Islander,Some-college,Prof-specialty,39,0,0,1,0
37,Male,White,Some-college,Other-service,32,0,0,0,0
28,Male,Black,Bachelors,Other-service,45,7635,0,1,1
27,Female,White,Bachelors,Sales,46,0,0,0,1
57,Female,White,Some-college,Prof-specialty,63,0,0,0,1
55,Male,White,HS-grad,Adm-clerical,51,0,0,0,0
23,Male,White,Masters,Sales,42,0,0,1,1
25,Male,White,Masters,Prof-specialty,33,0,0,1,1
40,Male,White,Masters,Sales,42,0,2336,1,1
64,Male,White,Some-college,Other-service,43,7346,0,0,1
43,Male,White,Some-college,Adm-clerical,34,0,0,0,0
63,Female,White,Doctorate,Exec-managerial,47,0,927,1,1
60,Male,White,HS-grad,Adm-clerical,26,0,0,0,0
29,Male,White,Some-college,Exec-managerial,37,15838,0,1,1
43,Female,White,Bachelors,Craft-repair,45,0,0,0,1
30,Male,White,Bachelors,Other-service,37,0,0,1,1
57,Male,White,Some-college,Other-service,37,8420,0,1,1
35,Female,White,HS-grad,Other-service,38,0,1285,0,0
42,Female,Black,Bachelors,Adm-clerical,31,0,0,0,0
50,Female,White,Bachelors,Exec-managerial,51,0,0,1,1
64,Male,White,Some-college,Craft-repair,29,0,0,0,0
57,Male,White,HS-grad,Craft-repair,43,0,0,0,0
60,Female,White,Masters,Craft-repair,44,0,0,0,1
29,Male,White,Bachelors,Sales,30,0,0,1,1
61,Female,White,Some-college,Adm-clerical,40,0,3379,0,0
53,Male,White,Some-college,Adm-clerical,30,0,0,0,0
21,Male,White,HS-grad,Other-service,53,0,0,0,0
22,Female,White,HS-grad,Adm-clerical,28,0,0,0,0
54,Male,White,Bachelors,Adm-clerical,33,0,0,0,1
25,Male,White,Some-college,Sales,27,0,0,0,0
59,Male,White,Masters,Adm-clerical,26,0,0,1,1
45,Male,White,Some-college,Exec-managerial,55,0,0,1,1
48,Male,White,HS-grad,Craft-repair,45,0,0,0,0
26,Male,White,Some-college,Sales,41,0,0,0,0
46,Male,White,Some-college,Sales,33,3864,0,0,0
31,Female,Black,Masters,Other-service,49,0,0,1,1
57,Male,White,Some-college,Adm-clerical,31,0,0,0,0
58,Female,White,HS-grad,Craft-repair,47,6215,0,0,0
39,Male,White,Bachelors,Exec-managerial,31,0,0,1,1
28,Male,White,Masters,Craft-repair,33,0,0,1,1
40,Male,White,Doctorate,Prof-specialty,47,0,0,1,1
18,Female,White,Masters,Craft-repair,48,0,0,1,1
63,Female,White,Bachelors,Exec-managerial,45,0,0,1,1
54,Female,White,HS-grad,Exec-managerial,29,0,0,0,0
38,Male,White,HS-grad,Exec-managerial,35,0,0,0,0
43,Male,White,HS-grad,Sales,41,0,0,0,0
63,Female,White,Masters,Sales,31,0,0,1,1
53,Female,White,Doctorate,Prof-specialty,53,0,0,1,1
40,Female,White,Bachelors,Craft-repair,15,0,0,0,0
18,Male,White,HS-grad,Adm-clerical,32,0,0,0,0
57,Female,White,HS-grad,Other-service,34,0,0,0,0
32,Male,White,Bachelors,Prof-specialty,11,0,0,1,1
38,Male,White,Some-college,Adm-clerical,26,0,0,0,0
64,Male,White,Some-college,Adm-clerical,46,0,0,0,1
26,Male,White,HS-grad,Prof-specialty,40,0,0,0,0
26,Female,White,Some-college,Craft-repair,55,0,0,0,0
27,Female,White,Some-college,Other-service,55,0,0,0,0
43,Female,White,Some-college,Adm-clerical,44,0,0,0,0
58,Male,White,Bachelors,Sales,43,0,0,0,1
52,Male,White,Some-college,Sales,40,0,0,0,0
42,Female,White,HS-grad,Prof-specialty,13,0,0,0,0
43,Male,White,HS-grad,Other-service,26,2850,0,0,0
28,Female,White,Bachelors,Other-service,41,6932,0,0,1
55,Female,Black,HS-grad,Adm-clerical,46,0,0,0,0
19,Female,White,Bachelors,Prof-specialty,42,0,1244,1,1
24,Male,Asian-Pac-Islander,Bachelors,Other-service,31,0,0,1,1
35,Female,Black,HS-grad,Other-service,49,0,0,0,0
44,Male,White,Some-college,Sales,54,0,0,0,1
51,Male,Black,Some-college,Prof-specialty,49,0,0,0,0
44,Female,White,HS-grad,Adm-clerical,49,0,0,0,0
34,Male,White,Some-college,Adm-clerical,34,0,0,0,0
60,Female,White,Some-college,Sales,50,0,0,0,0
61,Male,White,Some-college,Exec-managerial,41,0,0,0,1
41,Male,White,Bachelors,Exec-managerial,45,0,0,1,1
42,Female,White,Masters,Other-service,43,0,0,1,1
24,Male,White,Some-college,Craft-repair,38,0,0,0,0
23,Male,White,Masters,Sales,31,2089,0,1,1
41,Male,White,HS-grad,Craft-repair,39,0,0,0,0
50,Male,Black,HS-grad,Other-service,49,0,0,0,0
46,Male,White,Masters,Sales,35,0,0,1,1
60,Male,White,HS-grad,Adm-clerical,48,0,0,0,0
39,Female,White,Bachelors,Sales,47,13756,0,1,1
43,Female,White,HS-grad,Prof-specialty,37,0,0,0,0
45,Male,White,Some-college,Craft-repair,53,0,669,0,0
38,Female,White,Some-college,Sales,36,16195,0,0,0
24,Male,White,Bachelors,Craft-repair,55,2357,0,1,1
34,Male,White,Some-college,Other-service,44,0,0,0,0
37,Male,Black,HS-grad,Sales,39,0,0,0,0
58,Male,White,Masters,Exec-managerial,31,0,0,1,1
37,Female,White,Some-college,Craft-repair,39,0,0,0,0
39,Male,White,Some-college,Adm-clerical,37,0,0,0,0
45,Male,White,Some-college,Adm-clerical,27,0,0,0,0
57,Female,White,HS-grad,Sales,37,16035,0,0,0
24,Female,White,Some-college,Adm-clerical,31,0,0,0,0
18,Male,White,Bachelors,Adm-clerical,45,0,0,1,1
49,Female,White,Doctorate,Craft-repair,53,0,0,1,1
30,Male,White,Doctorate,Sales,27,0,0,1,1
47,Female,White,Masters,Craft-repair,57,0,0,1,1
40,Male,White,HS-grad,Sales,38,0,0,0,0
36,Female,White,Some-college,Adm-clerical,30,0,0,0,0
49,Male,White,Bachelors,Sales,47,0,0,0,1
47,Male,White,Bachelors,Other-service,35,0,0,1,0
46,Male,White,Doctorate,Sales,39,0,0,1,1
62,Male,White,HS-grad,Prof-specialty,35,0,0,0,0
46,Female,White,Some-college,Sales,31,0,0,0,0
47,Male,White,HS-grad,Prof-specialty,47,0,0,0,0
33,Female,White,Bachelors,Craft-repair,37,0,0,0,0
57,Female,Black,Some-college,Prof-specialty,25,0,0,0,0
36,Female,White,HS-grad,Craft-repair,45,0,0,0,0
35,Male,White,Bachelors,Sales,27,0,0,0,1
18,Female,White,Doctorate,Craft-repair,28,0,0,1,1
31,Female,White,HS-grad,Adm-clerical,51,0,0,0,0
64,Female,White,Masters,Other-service,28,0,0,1,1
19,Male,White,HS-grad,Sales,16,0,3652,0,0
45,Male,White,Some-college,Prof-specialty,46,0,1078,1,1
47,Male,White,Some-college,Other-service,36,0,0,0,0
55,Male,White,Doctorate,Exec-managerial,37,11467,0,1,1
21,Male,White,Bachelors,Other-service,36,0,0,0,0
18,Male,White,Some-college,Sales,42,0,0,0,0
25,Male,White,Masters,Other-service,32,18296,0,1,1
46,Male,White,Masters,Other-service,54,0,0,1,1
56,Male,White,HS-grad,Adm-clerical,25,0,0,0,0
20,Female,White,Some-college,Craft-repair,44,0,0,0,0
49,Male,White,Doctorate,Other-service,46,0,0,1,1
27,Female,White,Bachelors,Prof-specialty,32,0,0,0,1
27,Male,White,HS-grad,Prof-specialty,29,0,0,0,0
36,Male,White,Some-college,Adm-clerical,50,0,0,0,1
63,Male,Black,Bachelors,Other-service,30,0,0,0,0
51,Female,White,Some-college,Other-service,33,0,0,0,0
50,Male,White,Masters,Adm-clerical,48,9946,0,1,1
40,Female,White,Masters,Sales,40,0,0,1,1
45,Male,White,HS-grad,Exec-managerial,22,12020,0,1,1
49,Male,White,Bachelors,Exec-managerial,57,0,0,1,1
24,Female,White,Some-college,Craft-repair,34,0,0,0,0
46,Male,White,HS-grad,Prof-specialty,35,0,0,0,0
25,Female,White,Some-college,Sales,42,0,0,0,0
18,Male,White,HS-grad,Prof-specialty,46,0,0,1,0
20,Male,White,Bachelors,Sales,59,9809,0,1,1
41,Female,White,Bachelors,Adm-clerical,23,0,0,0,0
40,Female,White,HS-grad,Craft-repair,48,0,0,0,0
25,Male,White,Some-college,Adm-clerical,47,0,0,0,0
64,Female,Asian-Pac-Islander,HS-grad,Prof-specialty,38,0,0,0,0
54,Male,White,HS-grad,Craft-repair,47,0,0,0,0
20,Female,White,HS-grad,Other-service,49,0,0,0,0
50,Male,White,HS-grad,Sales,26,0,0,0,0
45,Male,White,HS-grad,Sales,57,15101,0,1,0
64,Male,White,Some-college,Craft-repair,24,0,0,0,0
25,Male,White,HS-grad,Adm-clerical,28,0,0,0,0
51,Male,White,HS-grad,Craft-repair,37,9226,0,0,0
52,Male,White,Bachelors,Adm-clerical,59,0,0,1,1
49,Male,White,Some-college,Craft-repair,36,0,0,0,0
41,Female,White,Bachelors,Adm-clerical,39,0,0,0,1
31,Male,White,Bachelors,Exec-managerial,54,0,0,1,1
49,Male,White,Masters,Craft-repair,36,0,0,1,1
63,Male,White,Masters,Adm-clerical,28,0,0,1,1
60,Female,White,HS-grad,Other-service,35,0,0,0,0
33,Male,White,HS-grad,Prof-specialty,53,0,0,1,0
21,Male,White,Some-college,Prof-specialty,40,0,0,0,0
54,Male,White,Bachelors,Craft-repair,59,0,0,1,1
38,Male,White,Some-college,Craft-repair,47,0,0,1,0
31,Male,White,Masters,Sales,33,0,0,1,1
48,Male,White,HS-grad,Adm-clerical,40,0,0,0,0
35,Male,Black,HS-grad,Craft-repair,31,0,0,0,0
24,Male,White,HS-grad,Prof-specialty,33,0,0,0,0
27,Male,White,Some-college,Prof-specialty,84,0,0,1,1
24,Male,White,HS-grad,Prof-specialty,50,0,0,0,0
50,Male,White,HS-grad,Adm-clerical,48,0,0,0,0
40,Female,White,Masters,Exec-managerial,33,12040,0,1,1
38,Female,White,Some-college,Craft-repair,55,6609,0,1,0
36,Male,White,HS-grad,Exec-managerial,50,0,0,0,0
36,Male,White,Some-college,Adm-clerical,58,0,0,0,1
53,Male,White,HS-grad,Other-service,58,0,0,0,0
46,Male,White,Bachelors,Craft-repair,25,0,0,0,0
35,Male,White,Bachelors,Sales,28,0,0,1,1
19,Male,White,HS-grad,Craft-repair,29,0,0,0,0
18,Female,White,Bachelors,Craft-repair,30,0,0,0,0
64,Female,Asian-Pac-Islander,Bachelors,Craft-repair,43,0,0,0,0
22,Male,White,Some-college,Craft-repair,34,0,0,0,0
37,Male,White,Some-college,Other-service,60,0,0,0,0
28,Female,White,Doctorate,Craft-repair,59,0,0,1,1
59,Female,White,Bachelors,Adm-clerical,39,0,0,0,0
19,Female,White,Bachelors,Craft-repair,59,0,0,0,1
20,Male,White,Bachelors,Other-service,54,0,0,1,1
40,Male,White,Doctorate,Adm-clerical,35,4253,0,1,1
29,Female,White,Some-college,Craft-repair,19,0,0,0,0
37,Male,White,HS-grad,Craft-repair,37,0,0,0,0
22,Male,White,Bachelors,Adm-clerical,33,0,0,0,1
54,Male,White,HS-grad,Craft-repair,42,0,0,0,0
55,Female,White,HS-grad,Other-service,40,0,0,0,0
47,Female,White,HS-grad,Prof-specialty,40,9318,0,0,0
26,Male,White,Masters,Craft-repair,45,0,0,1,1
51,Female,White,Doctorate,Sales,27,5853,0,1,1
61,Male,White,Bachelors,Adm-clerical,44,0,0,1,1
52,Female,White,Bachelors,Other-service,35,0,0,0,0
39,Male,White,Some-college,Craft-repair,41,0,0,0,0
61,Male,White,Bachelors,Craft-repair,49,0,0,1,1
41,Male,White,Bachelors,Adm-clerical,27,0,0,0,1
34,Male,White,Bachelors,Exec-managerial,37,0,0,1,1
27,Male,White,Bachelors,Other-service,38,0,0,1,0
47,Male,White,HS-grad,Other-service,34,0,0,0,0
63,Female,Black,Some-college,Prof-specialty,48,0,0,0,0
40,Male,White,HS-grad,Prof-specialty,32,0,0,0,0
49,Male,White,HS-grad,Craft-repair,34,0,0,0,0
34,Male,White,Masters,Adm-clerical,32,5777,0,1,1
34,Male,White,HS-grad,Sales,50,8108,0,0,1
31,Male,White,Some-college,Craft-repair,35,0,0,0,0
26,Female,White,Some-college,Prof-specialty,44,0,0,0,0
57,Male,White,Bachelors,Craft-repair,59,0,0,0,1
19,Male,Amer-Indian-Eskimo,Some-college,Adm-clerical,39,0,0,0,0
62,Female,White,HS-grad,Other-service,51,0,0,0,0
42,Male,White,Some-college,Other-service,56,0,476,0,0
56,Male,Black,HS-grad,Other-service,50,0,0,0,0
26,Female,White,Some-college,Other-service,39,0,0,0,0
39,Male,Asian-Pac-Islander,Some-college,Sales,46,0,0,0,0
60,Male,Black,Bachelors,Exec-managerial,27,0,0,1,1
63,Female,Black,HS-grad,Sales,32,0,0,0,0
21,Male,White,Some-college,Craft-repair,33,0,0,1,0
43,Male,White,Some-college,Prof-specialty,62,0,0,1,1
46,Female,White,Bachelors,Adm-clerical,31,0,0,0,0
62,Male,Amer-Indian-Eskimo,Doctorate,Craft-repair,31,0,0,1,1
51,Male,White,HS-grad,Exec-managerial,29,0,0,0,0
40,Female,White,Bachelors,Adm-clerical,45,0,0,0,1
54,Female,White,HS-grad,Adm-clerical,41,0,0,0,0
28,Male,White,Bachelors,Adm-clerical,50,0,0,1,1
23,Male,White,Some-college,Craft-repair,46,0,0,0,0
35,Female,White,HS-grad,Exec-managerial,26,0,0,0,0
38,Female,White,Some-college,Craft-repair,31,0,0,0,0
59,Male,White,Bachelors,Adm-clerical,53,0,0,1,1
53,Male,Other,HS-grad,Adm-clerical,37,0,0,0,0
58,Male,White,Bachelors,Prof-specialty,51,0,0,1,1
55,Female,White,Bachelors,Sales,38,2448,0,0,0
51,Female,White,Bachelors,Craft-repair,30,0,0,0,0
34,Female,White,Bachelors,Exec-managerial,36,0,0,0,1
54,Female,White,Masters,Adm-clerical,30,0,0,0,1
42,Male,Black,HS-grad,Craft-repair,34,0,1214,0,0
55,Male,White,HS-grad,Sales,42,0,0,0,0
29,Female,White,HS-grad,Craft-repair,45,0,0,0,0
40,Female,White,Some-college,Sales,24,0,0,0,0
59,Male,White,Some-college,Craft-repair,39,0,0,0,0
39,Male,White,HS-grad,Prof-specialty,34,0,0,0,0
38,Female,White,HS-grad,Craft-repair,33,0,0,0,0
44,Male,White,Bachelors,Other-service,41,0,0,1,0
48,Male,White,Some-college,Prof-specialty,34,0,0,0,0
23,Male,White,Bachelors,Sales,53,0,0,1,1
44,Female,White,HS-grad,Adm-clerical,51,0,3427,0,0
57,Male,White,HS-grad,Adm-clerical,51,0,0,0,0
51,Female,White,HS-grad,Craft-repair,35,0,0,0,0
29,Male,Black,Bachelors,Exec-managerial,30,0,0,0,1
62,Male,White,Some-college,Craft-repair,40,0,0,0,0
24,Male,White,Bachelors,Prof-specialty,38,0,0,1,1
27,Female,Black,Masters,Prof-specialty,33,0,0,1,1
62,Female,White,Bachelors,Sales,28,0,0,0,0
34,Female,White,Bachelors,Craft-repair,39,0,0,0,1
43,Female,White,Some-college,Sales,35,0,0,0,0
38,Male,White,Bachelors,Exec-managerial,46,0,2271,1,1
45,Male,White,Some-college,Adm-clerical,46,0,0,0,1
63,Male,White,HS-grad,Adm-clerical,51,0,0,0,0
19,Male,White,Bachelors,Craft-repair,27,0,0,1,0
60,Female,White,Some-college,Sales,44,0,0,0,0
18,Female,Amer-Indian-Eskimo,Bachelors,Sales,32,0,0,0,0
53,Female,White,Some-college,Exec-managerial,27,0,0,0,0
43,Male,White,Bachelors,Sales,35,0,0,1,0
46,Male,White,Some-college,Other-service,50,0,0,1,0
38,Male,White,Bachelors,Other-service,36,0,0,0,1
28,Male,White,HS-grad,Prof-specialty,55,0,0,0,0
57,Male,Asian-Pac-Islander,Some-college,Other-service,45,0,0,0,1
28,Male,White,Some-college,Other-service,36,0,0,0,0
53,Male,White,Some-college,Prof-specialty,51,0,0,1,1
56,Male,White,Some-college,Other-service,44,0,0,0,0
57,Male,White,Some-college,Other-service,30,0,0,0,0
52,Male,White,Bachelors,Prof-specialty,58,0,1637,1,1
51,Male,White,HS-grad,Craft-repair,42,0,2720,0,0
64,Male,White,HS-grad,Prof-specialty,40,0,0,0,0
41,Male,White,HS-grad,Prof-specialty,31,0,0,0,0
39,Male,White,HS-grad,Other-service,51,0,0,0,0
22,Male,White,HS-grad,Adm-clerical,45,0,0,0,0
50,Male,White,Bachelors,Other-service,46,0,0,1,1
53,Male,White,Masters,Craft-repair,34,0,0,1,1
64,Female,White,Bachelors,Prof-specialty,48,0,0,1,1
37,Male,White,HS-grad,Exec-managerial,49,0,0,0,0
36,Female,White,HS-grad,Prof-specialty,33,0,0,0,0
52,Male,White,Some-college,Craft-repair,25,0,0,0,0
60,Male,Black,Doctorate,Sales,45,0,0,1,1
34,Female,White,Masters,Other-service,24,0,0,1,1
62,Male,Other,Bachelors,Adm-clerical,41,0,0,1,0
60,Female,White,HS-grad,Adm-clerical,35,0,0,0,0
51,Male,White,Bachelors,Other-service,52,0,0,0,1
26,Male,Black,HS-grad,Other-service,36,0,0,0,0
43,Female,White,HS-grad,Craft-repair,51,0,0,0,0
19,Male,White,Bachelors,Prof-specialty,34,0,0,1,1
26,Male,White,HS-grad,Exec-managerial,49,0,0,0,0
26,Male,Black,Some-college,Prof-specialty,60,0,0,1,1
57,Male,Amer-Indian-Eskimo,Some-college,Prof-specialty,29,0,0,0,0
34,Male,White,HS-grad,Exec-managerial,42,0,0,0,0
18,Male,White,Bachelors,Adm-clerical,67,0,0,1,1
42,Female,White,Bachelors,Prof-specialty,40,0,0,0,1
60,Female,White,HS-grad,Sales,40,0,0,0,0
57,Male,White,Some-college,Sales,47,3646,0,0,0
59,Female,White,Bachelors,Craft-repair,40,0,0,0,0
42,Male,White,Some-college,Craft-repair,22,0,0,0,0
56,Male,White,Bachelors,Exec-managerial,51,0,0,1,1
52,Female,White,Some-college,Exec-managerial,19,0,1205,0,0
20,Female,Asian-Pac-Islander,HS-grad,Craft-repair,35,0,0,0,0
54,Female,White,Some-college,Other-service,52,0,0,0,0
61,Male,White,HS-grad,Prof-specialty,36,0,0,0,0
61,Male,Black,Masters,Other-service,33,0,0,1,1
47,Female,White,Bachelors,Adm-clerical,48,0,0,0,1
55,Male,White,Bachelors,Sales,31,0,0,0,1
51,Female,White,Some-college,Exec-managerial,27,0,0,0,0
29,Male,White,Some-college,Craft-repair,42,0,0,0,0
36,Female,White,Some-college,Sales,38,0,0,0,0
54,Male,White,Masters,Other-service,27,0,0,1,1
61,Male,White,Some-college,Exec-managerial,46,0,0,1,1
34,Male,Black,Bachelors,Exec-managerial,44,0,0,1,1
27,Female,White,HS-grad,Prof-specialty,36,0,0,0,0
64,Female,White,HS-grad,Exec-managerial,37,0,0,0,0
29,Male,White,Masters,Adm-clerical,44,0,0,1,1
33,Female,White,HS-grad,Exec-managerial,51,0,0,0,0
41,Male,White,Bachelors,Adm-clerical,37,0,0,1,1
36,Male,Black,Masters,Other-service,46,0,0,1,1
25,Male,White,Some-college,Prof-specialty,45,0,0,1,1
48,Male,White,HS-grad,Adm-clerical,48,0,0,0,0
38,Male,White,Bachelors,Other-service,40,13693,0,1,1
34,Male,White,Bachelors,Sales,30,0,0,0,1
40,Female,White,Bachelors,Exec-managerial,35,0,0,0,1
54,Female,White,HS-grad,Craft-repair,43,0,0,0,0
33,Male,White,Masters,Craft-repair,58,0,0,1,1
23,Male,White,Masters,Adm-clerical,35,0,0,1,1
25,Female,White,Masters,Prof-specialty,48,0,0,1,1
42,Female,White,HS-grad,Adm-clerical,36,0,0,0,0
35,Male,White,Some-college,Other-service,41,0,0,0,0
42,Female,White,Bachelors,Other-service,55,0,0,1,1
29,Male,White,HS-grad,Adm-clerical,47,0,0,0,0
32,Male,White,Some-college,Adm-clerical,27,0,0,0,0
43,Male,Black,Bachelors,Sales,34,0,0,0,0
58,Male,White,Bachelors,Other-service,52,0,0,1,1
62,Female,White,Some-college,Sales,41,0,0,0,0
43,Male,Black,HS-grad,Adm-clerical,28,0,0,0,0
64,Male,White,Masters,Prof-specialty,31,0,0,1,1
49,Female,White,Bachelors,Exec-managerial,47,0,0,0,1
27,Female,White,Masters,Other-service,49,0,0,1,1
33,Female,White,HS-grad,Craft-repair,40,1984,0,0,0
24,Male,White,Bachelors,Sales,64,0,0,1,1
34,Male,White,Masters,Other-service,48,0,0,1,1
40,Female,White,Bachelors,Exec-managerial,37,0,0,0,1
43,Male,White,HS-grad,Sales,31,0,0,0,0
38,Male,White,Bachelors,Other-service,30,0,0,1,0
39,Male,White,Bachelors,Sales,43,0,0,1,1
24,Male,White,HS-grad,Sales,35,0,0,0,0
31,Male,White,Bachelors,Adm-clerical,56,0,0,1,1
32,Male,White,Some-college,Adm-clerical,54,0,0,1,0
24,Male,White,Bachelors,Sales,46,0,0,1,1
26,Male,White,HS-grad,Sales,28,0,0,0,0
25,Male,White,Bachelors,Craft-repair,33,0,0,0,1
40,Male,White,HS-grad,Exec-managerial,52,0,0,0,0
46,Female,Black,Some-college,Exec-managerial,34,0,3284,0,0
35,Female,White,Bachelors,Prof-specialty,51,0,0,0,1
48,Male,White,Some-college,Prof-specialty,44,0,0,0,0
47,Male,White,Bachelors,Prof-specialty,40,0,0,1,1
56,Male,White,Doctorate,Adm-clerical,32,0,0,1,1
52,Male,White,HS-grad,Adm-clerical,39,0,0,0,0
35,Male,White,Some-college,Craft-repair,41,0,0,0,0
59,Male,Black,Masters,Adm-clerical,50,0,0,1,1
56,Female,White,HS-grad,Prof-specialty,31,0,0,0,0
34,Male,White,Bachelors,Other-service,37,0,0,1,1
31,Male,White,Bachelors,Sales,40,8159,0,1,1
48,Male,Black,Some-college,Prof-specialty,46,0,0,0,0
41,Female,White,HS-grad,Craft-repair,30,0,0,0,0
52,Male,White,HS-grad,Sales,26,0,0,0,0
61,Female,White,Some-college,Adm-clerical,46,0,1286,0,0
62,Male,White,HS-grad,Sales,24,0,0,0,0
51,Female,White,Some-college,Other-service,52,0,0,0,0
20,Female,Black,Doctorate,Craft-repair,38,7496,0,1,1
54,Female,White,Masters,Adm-clerical,24,0,3555,1,1
60,Male,White,Some-college,Exec-managerial,35,6987,0,1,1
57,Male,White,Bachelors,Prof-specialty,43,0,0,1,1
43,Male,White,HS-grad,Other-service,34,0,0,0,0
40,Female,White,HS-grad,Other-service,40,0,0,0,0
61,Male,Other,Bachelors,Prof-specialty,47,0,0,1,1
56,Male,White,Doctorate,Craft-repair,37,0,0,1,1
32,Male,Black,Some-college,Craft-repair,30,0,0,0,0
21,Male,White,HS-grad,Other-service,37,0,0,0,0
46,Male,White,HS-grad,Prof-specialty,54,0,0,0,1
39,Male,White,Some-college,Sales,56,0,0,0,0
42,Male,White,HS-grad,Exec-managerial,19,0,0,0,0
30,Male,White,HS-grad,Exec-managerial,50,0,0,0,1
35,Female,White,HS-grad,Craft-repair,42,0,0,0,0
50,Female,White,Some-college,Craft-repair,49,0,0,0,0
33,Female,White,Masters,Sales,34,0,0,1,1
62,Male,Black,Some-college,Craft-repair,22,0,0,0,0
59,Female,White,Some-college,Exec-managerial,45,0,0,0,0
61,Male,Black,HS-grad,Prof-specialty,30,0,1486,0,0
19,Male,White,HS-grad,Other-service,26,0,0,0,0
52,Male,White,Some-college,Exec-managerial,26,0,0,0,1
59,Male,White,HS-grad,Sales,46,0,0,0,0
51,Male,White,Some-college,Prof-specialty,41,0,0,0,0
47,Female,White,Some-college,Prof-specialty,47,0,0,0,1
30,Male,White,Masters,Other-service,46,0,0,1,1
30,Male,White,Doctorate,Exec-managerial,35,0,0,1,1
35,Male,White,Some-college,Prof-specialty,39,0,0,0,0
49,Male,White,Some-college,Prof-specialty,34,0,0,0,1
49,Male,White,HS-grad,Craft-repair,37,0,0,0,0
52,Male,White,Bachelors,Prof-specialty,30,0,0,1,1
56,Female,White,HS-grad,Sales,43,0,0,0,0
63,Male,White,Masters,Prof-specialty,50,16985,0,1,1
46,Male,White,HS-grad,Craft-repair,31,0,0,0,0
46,Female,White,Doctorate,Adm-clerical,52,0,0,1,1
61,Female,White,HS-grad,Adm-clerical,41,0,0,0,0
33,Female,White,Masters,Sales,42,0,0,1,1
61,Male,White,Bachelors,Other-service,23,0,0,1,1
64,Male,White,Doctorate,Other-service,21,0,0,1,1
27,Male,White,HS-grad,Sales,41,0,211,0,0
47,Female,White,Bachelors,Prof-specialty,47,0,0,1,1
42,Female,White,HS-grad,Prof-specialty,33,0,0,0,0
56,Male,White,Doctorate,Adm-clerical,56,0,0,1,1
37,Male,White,HS-grad,Adm-clerical,47,0,0,0,0
22,Female,White,Bachelors,Exec-managerial,30,0,0,1,1
18,Male,White,Some-college,Adm-clerical,40,0,0,0,0
47,Male,White,Doctorate,Adm-clerical,64,0,0,1,1
20,Male,White,Some-college,Sales,27,0,0,0,0
62,Male,White,HS-grad,Exec-managerial,45,0,0,0,0
31,Female,White,HS-grad,Other-service,36,0,0,0,0
47,Male,Asian-Pac-Islander,Some-college,Exec-managerial,47,0,0,1,1
21,Male,Asian-Pac-Islander,HS-grad,Prof-specialty,52,0,0,0,0
35,Male,White,Doctorate,Prof-specialty,36,0,0,1,1
54,Male,White,HS-grad,Exec-managerial,51,0,0,0,0
42,Male,White,HS-grad,Exec-managerial,62,0,0,0,0
18,Male,White,Bachelors,Prof-specialty,40,0,0,1,1
63,Male,White,Bachelors,Sales,47,0,0,1,1
32,Female,Black,Bachelors,Sales,34,0,0,0,0
26,Female,White,Bachelors,Sales,40,0,0,0,0
32,Male,White,Some-college,Sales,38,0,0,0,0
41,Male,White,Bachelors,Prof-specialty,47,0,0,1,1
21,Female,White,Masters,Craft-repair,52,0,0,1,1
29,Male,Black,Some-college,Adm-clerical,38,0,787,0,0
54,Female,Black,Masters,Adm-clerical,55,7888,0,1,1
54,Male,White,Bachelors,Adm-clerical,55,0,0,1,1
60,Female,White,Doctorate,Adm-clerical,48,0,0,1,1
23,Female,White,Masters,Prof-specialty,34,0,0,1,1
56,Male,White,Doctorate,Craft-repair,33,0,0,1,1
63,Female,White,Some-college,Prof-specialty,31,0,0,0,0
41,Female,White,Some-college,Craft-repair,49,0,2019,0,0
28,Male,White,Masters,Prof-specialty,27,13587,0,1,1
30,Male,White,HS-grad,Exec-managerial,46,0,0,0,1
51,Male,White,Masters,Craft-repair,29,0,0,1,1
42,Female,White,Bachelors,Adm-clerical,48,0,0,0,1
24,Male,Black,Some-college,Craft-repair,40,2911,0,0,0
21,Male,Black,Bachelors,Other-service,53,2339,0,1,1
25,Male,Black,HS-grad,Sales,51,0,0,0,0
37,Female,White,Some-college,Craft-repair,54,0,0,0,0
46,Male,White,Masters,Other-service,54,0,0,1,1
62,Male,White,HS-grad,Sales,41,0,0,0,0
63,Female,White,HS-grad,Other-service,28,0,0,0,0
27,Male,White,Some-college,Sales,29,0,0,0,0
60,Male,White,HS-grad,Exec-managerial,19,0,0,0,0
51,Male,White,Some-college,Craft-repair,29,0,0,0,0
43,Male,Black,Bachelors,Other-service,40,0,0,0,1
58,Male,White,Some-college,Exec-managerial,34,0,0,0,1
20,Male,White,Some-college,Adm-clerical,38,0,0,0,0
23,Male,White,Bachelors,Craft-repair,44,0,0,1,1
22,Male,White,HS-grad,Prof-specialty,36,0,0,0,0
22,Male,Black,Bachelors,Prof-specialty,28,0,0,0,1
64,Male,White,Doctorate,Prof-specialty,39,0,3889,1,1
40,Female,Black,HS-grad,Other-service,31,0,0,0,0
26,Male,White,Masters,Other-service,37,0,0,1,1
52,Female,White,Bachelors,Sales,53,0,0,0,1
37,Female,White,Bachelors,Prof-specialty,37,0,0,0,1
59,Male,White,Bachelors,Adm-clerical,57,0,0,1,1
52,Female,White,HS-grad,Other-service,54,0,0,0,0
35,Male,White,Masters,Craft-repair,34,0,0,1,1
34,Female,White,Some-college,Other-service,28,10345,0,0,0
41,Male,White,Masters,Craft-repair,39,0,0,1,1
20,Female,White,HS-grad,Other-service,51,0,0,0,0
49,Male,Black,Some-college,Sales,35,0,0,0,0
52,Female,White,Doctorate,Sales,49,0,0,1,1
55,Male,White,Some-college,Sales,52,0,0,0,1
30,Female,White,HS-grad,Adm-clerical,32,0,0,0,0
64,Male,Black,HS-grad,Other-service,33,0,0,0,0
42,Male,Black,Bachelors,Craft-repair,47,18827,0,1,1
26,Male,White,Doctorate,Other-service,41,0,0,1,1
21,Male,White,Bachelors,Exec-managerial,33,0,0,1,1
31,Male,White,HS-grad,Sales,36,0,0,0,0
54,Female,Amer-Indian-Eskimo,HS-grad,Prof-specialty,39,0,0,0,0
51,Male,Black,Masters,Exec-managerial,24,0,0,1,1
28,Female,Black,Masters,Exec-managerial,47,0,0,1,1
58,Male,White,Bachelors,Sales,35,0,0,1,1
20,Female,White,HS-grad,Prof-specialty,12,0,0,0,0
45,Male,Black,Masters,Sales,39,0,0,1,1
46,Male,White,Some-college,Sales,32,0,0,0,0
26,Female,White,Doctorate,Prof-specialty,56,0,0,1,1
20,Male,White,Some-college,Exec-managerial,34,18546,0,1,1
42,Male,Black,Some-college,Exec-managerial,29,0,0,0,0
51,Male,White,Masters,Other-service,45,0,0,1,1
29,Male,White,Bachelors,Prof-specialty,33,0,0,1,1
59,Male,White,Masters,Exec-managerial,32,0,0,1,1
26,Female,White,Masters,Adm-clerical,45,0,0,1,1
32,Male,White,Masters,Sales,29,0,0,1,1
57,Male,White,HS-grad,Adm-clerical,25,0,0,0,0
42,Male,White,HS-grad,Adm-clerical,57,0,0,0,0
22,Male,White,HS-grad,Other-service,45,0,0,0,0
28,Male,Amer-Indian-Eskimo,HS-grad,Other-service,37,0,0,0,0
51,Female,White,Bachelors,Other-service,39,0,0,0,0
41,Female,White,Some-college,Adm-clerical,45,0,0,0,0
32,Male,Black,Bachelors,Craft-repair,49,2244,0,0,1
55,Female,White,Bachelors,Craft-repair,32,0,0,0,1
25,Male,White,HS-grad,Adm-clerical,43,0,0,0,0
22,Female,White,Masters,Sales,34,0,0,0,1
43,Male,White,HS-grad,Adm-clerical,38,0,0,0,0
35,Female,White,HS-grad,Adm-clerical,41,0,0,0,0
23,Male,White,Masters,Other-service,39,0,1144,1,1
54,Male,White,HS-grad,Other-service,47,0,0,0,0
30,Male,White,Some-college,Other-service,44,0,0,0,0
45,Male,White,Some-college,Craft-repair,24,0,2626,0,0
22,Male,White,HS-grad,Adm-clerical,26,0,0,0,0
30,Male,White,HS-grad,Sales,36,0,0,0,0
34,Male,White,Doctorate,Sales,58,0,0,1,1
57,Female,White,Bachelors,Other-service,31,0,0,0,0
62,Male,White,HS-grad,Other-service,37,0,0,0,0
49,Male,White,HS-grad,Adm-clerical,34,0,0,0,0
46,Male,White,Some-college,Sales,34,0,0,0,0
20,Female,Black,Bachelors,Adm-clerical,41,0,0,0,0
57,Female,Black,Masters,Craft-repair,54,17023,0,1,1
51,Male,White,Doctorate,Adm-clerical,44,0,0,1,1
57,Male,White,HS-grad,Other-service,31,0,0,0,0
44,Male,White,Bachelors,Exec-managerial,67,0,0,1,1
30,Female,Asian-Pac-Islander,Some-college,Craft-repair,40,0,0,0,0
62,Male,White,HS-grad,Sales,34,0,0,0,0
50,Male,White,Masters,Sales,54,0,0,1,1
23,Male,White,Bachelors,Other-service,35,0,0,1,1
41,Male,White,HS-grad,Other-service,56,0,0,0,0
36,Male,Asian-Pac-Islander,HS-grad,Craft-repair,31,0,0,0,0
33,Male,White,Bachelors,Other-service,54,0,0,1,1
57,Male,White,Bachelors,Exec-managerial,42,0,0,1,1
45,Male,White,Some-college,Craft-repair,52,0,0,0,0
50,Male,White,Bachelors,Other-service,59,0,0,1,1
58,Male,White,Bachelors,Prof-specialty,28,0,0,1,1
30,Male,White,HS-grad,Exec-managerial,52,0,0,0,0
60,Female,White,Some-college,Craft-repair,25,0,980,0,0
62,Male,White,Bachelors,Prof-specialty,29,0,0,1,1
42,Male,White,Masters,Adm-clerical,31,0,0,1,1
59,Male,White,Bachelors,Exec-managerial,45,0,0,1,1
53,Male,White,Bachelors,Adm-clerical,40,0,0,1,1
44,Male,White,Bachelors,Prof-specialty,38,0,0,1,1
55,Male,White,Some-college,Sales,41,17783,987,0,0
24,Male,White,Bachelors,Sales,45,0,0,1,1
22,Male,White,Bachelors,Other-service,46,0,0,1,1
60,Male,White,HS-grad,Sales,50,0,0,0,0
62,Male,White,Some-college,Adm-clerical,58,0,0,0,0
48,Male,White,HS-grad,Exec-managerial,39,0,0,0,0
40,Male,White,HS-grad,Adm-clerical,34,0,0,0,0
59,Male,White,Bachelors,Adm-clerical,46,0,0,1,1
27,Male,Asian-Pac-Islander,HS-grad,Sales,28,0,0,0,0
49,Male,White,Masters,Adm-clerical,33,0,0,1,1
60,Male,Asian-Pac-Islander,Masters,Prof-specialty,49,0,0,1,1
47,Male,White,HS-grad,Craft-repair,38,0,0,0,0
56,Female,White,HS-grad,Craft-repair,27,0,0,0,0
48,Female,White,Bachelors,Craft-repair,25,0,0,0,0
35,Male,White,HS-grad,Other-service,40,0,0,0,0
53,Male,White,Bachelors,Sales,51,0,0,1,1
19,Male,White,Some-college,Sales,51,0,0,0,0
31,Male,White,Some-college,Craft-repair,41,0,0,0,0
30,Female,White,Some-college,Exec-managerial,60,0,0,0,0
46,Female,White,Some-college,Other-service,38,0,0,0,0
29,Female,White,Masters,Craft-repair,38,9967,0,1,1
56,Male,White,Doctorate,Adm-clerical,14,0,0,1,1
19,Male,White,HS-grad,Craft-repair,35,0,0,0,0
49,Female,White,Masters,Craft-repair,48,5671,0,1,1
30,Female,White,HS-grad,Exec-managerial,55,0,0,0,0
63,Female,White,HS-grad,Sales,31,0,3526,0,0
44,Male,White,Some-college,Sales,44,0,0,0,0
58,Male,White,HS-grad,Adm-clerical,50,0,0,0,0
34,Male,White,HS-grad,Craft-repair,40,0,0,0,0
57,Male,White,Some-college,Prof-specialty,17,0,218,0,0
48,Male,Black,Bachelors,Adm-clerical,42,0,0,0,0
51,Male,White,HS-grad,Sales,47,12057,0,0,1
41,Male,White,Some-college,Exec-managerial,30,0,0,1,0
62,Male,White,Masters,Sales,37,17236,0,1,1
52,Male,White,HS-grad,Sales,28,0,0,0,0
23,Male,White,Bachelors,Exec-managerial,14,0,0,1,1
36,Female,White,HS-grad,Craft-repair,50,0,0,0,0
47,Male,White,Some-college,Craft-repair,39,0,0,0,0
24,Male,Other,Masters,Sales,55,0,0,1,1
27,Female,White,HS-grad,Adm-clerical,48,0,0,0,0
58,Female,White,Bachelors,Prof-specialty,36,0,0,0,1
49,Male,White,Bachelors,Adm-clerical,39,0,0,0,1
51,Female,White,Some-college,Other-service,45,13851,0,0,1
45,Male,White,HS-grad,Adm-clerical,49,0,0,0,0
32,Male,White,Masters,Sales,43,0,0,1,1
47,Male,White,Bachelors,Sales,51,0,0,1,1
54,Male,White,Masters,Prof-specialty,37,0,0,1,1
46,Female,White,Some-college,Prof-specialty,30,0,0,0,0
39,Female,White,Masters,Prof-specialty,39,0,0,1,1
21,Female,White,Bachelors,Sales,42,0,0,0,0
37,Female,Black,Masters,Sales,27,0,1276,1,1
49,Male,White,Some-college,Adm-clerical,26,0,0,0,0
53,Female,White,HS-grad,Sales,44,0,0,0,0
21,Female,White,Some-college,Other-service,35,0,0,0,0
44,Female,White,Masters,Craft-repair,38,0,0,1,1
34,Female,White,Some-college,Craft-repair,36,13473,0,0,0
29,Female,Black,Masters,Prof-specialty,55,0,0,1,1
39,Male,White,Bachelors,Sales,52,0,0,1,1
34,Female,Black,HS-grad,Other-service,27,0,0,0,0
27,Female,White,Bachelors,Craft-repair,34,0,0,0,0
18,Female,White,Some-college,Adm-clerical,48,0,0,0,0
39,Male,White,Some-college,Exec-managerial,46,0,0,0,1
43,Male,White,Masters,Adm-clerical,39,0,0,1,1
35,Female,White,HS-grad,Exec-managerial,28,0,0,0,0
31,Male,White,Bachelors,Other-service,33,0,0,1,1
64,Male,White,Some-college,Adm-clerical,34,0,0,0,0
46,Male,Black,HS-grad,Craft-repair,42,0,0,0,0
29,Male,White,Bachelors,Sales,57,0,0,1,1
53,Male,White,Masters,Exec-managerial,33,0,0,1,1
52,Male,White,Bachelors,Sales,29,0,0,1,1
29,Male,White,HS-grad,Other-service,38,0,3544,0,0
24,Male,White,HS-grad,Sales,50,0,0,0,0
46,Male,Black,Bachelors,Craft-repair,25,0,0,0,0
28,Male,White,Some-college,Other-service,54,0,0,0,0
50,Male,White,Bachelors,Prof-specialty,38,0,0,1,1
23,Male,White,Bachelors,Prof-specialty,32,0,0,1,1
64,Male,White,Bachelors,Exec-managerial,23,0,0,1,1
32,Female,White,Some-college,Craft-repair,47,0,0,0,0
49,Male,White,HS-grad,Sales,38,0,0,0,0
28,Male,White,Masters,Adm-clerical,41,0,0,1,1
40,Female,White,Bachelors,Adm-clerical,30,0,0,0,0
43,Male,White,Bachelors,Other-service,36,0,0,0,1
51,Female,White,HS-grad,Exec-managerial,35,0,0,0,0
63,Female,White,Some-college,Exec-managerial,38,0,0,0,0
51,Male,White,Some-college,Exec-managerial,33,0,0,0,1
46,Male,White,Bachelors,Craft-repair,24,0,0,1,1
21,Male,White,HS-grad,Adm-clerical,67,0,0,0,0
34,Male,White,Some-college,Other-service,26,0,0,0,0
52,Male,White,HS-grad,Craft-repair,41,0,0,0,0
30,Male,White,Some-college,Other-service,22,0,0,0,0
58,Female,White,Bachelors,Craft-repair,20,0,0,0,0
56,Male,White,Some-college,Sales,40,0,0,0,0
32,Male,White,Some-college,Craft-repair,41,0,0,0,0
46,Female,White,Some-college,Craft-repair,52,0,0,0,0
46,Male,White,Masters,Sales,43,0,0,1,1
28,Male,Black,HS-grad,Prof-specialty,38,0,0,0,0
49,Male,White,Some-college,Sales,30,0,0,0,0
19,Male,White,HS-grad,Exec-managerial,54,0,0,0,0
64,Female,White,HS-grad,Prof-specialty,49,0,0,0,0
31,Male,White,Doctorate,Adm-clerical,27,0,2256,1,1
37,Male,White,Some-college,Other-service,40,0,0,0,0
39,Male,Black,Some-college,Craft-repair,41,0,1458,0,0
28,Male,White,Bachelors,Prof-specialty,36,0,0,1,1
44,Male,Black,Some-college,Adm-clerical,47,0,0,0,0
20,Female,White,Doctorate,Sales,48,0,0,1,1
34,Female,White,Bachelors,Sales,38,0,0,0,0
61,Male,White,HS-grad,Exec-managerial,37,0,0,0,0
45,Male,White,HS-grad,Exec-managerial,54,0,0,0,1
46,Male,White,HS-grad,Prof-specialty,49,0,0,0,0
38,Male,White,Some-college,Other-service,40,0,0,0,0
64,Male,White,Masters,Craft-repair,23,15323,0,1,1
33,Male,White,Doctorate,Sales,43,0,0,1,1
54,Male,White,Some-college,Prof-specialty,46,0,0,1,0
37,Male,White,HS-grad,Prof-specialty,12,0,0,0,0
23,Female,White,Some-college,Other-service,42,0,0,0,0
36,Female,White,HS-grad,Prof-specialty,35,0,0,0,0
22,Male,White,Some-college,Exec-managerial,37,0,0,1,0
20,Male,White,Bachelors,Other-service,30,0,0,1,1
18,Female,Asian-Pac-Islander,Some-college,Sales,38,0,0,0,0
55,Male,White,Bachelors,Exec-managerial,53,0,0,1,1
32,Female,White,HS-grad,Exec-managerial,35,0,0,0,0
51,Male,White,Some-college,Other-service,49,0,0,1,0
52,Male,Black,HS-grad,Other-service,31,0,0,0,0
42,Male,White,Masters,Prof-specialty,47,0,0,1,1
41,Female,White,HS-grad,Adm-clerical,40,0,0,0,0
29,Male,White,Doctorate,Adm-clerical,43,0,2716,1,1
35,Male,White,Bachelors,Adm-clerical,40,14571,0,1,1
32,Male,White,Bachelors,Prof-specialty,46,0,0,1,1
61,Female,White,HS-grad,Craft-repair,14,0,0,0,0
33,Female,White,HS-grad,Sales,25,0,0,0,0
44,Female,Asian-Pac-Islander,Bachelors,Prof-specialty,44,0,0,0,0
25,Female,White,HS-grad,Prof-specialty,19,0,0,0,0
63,Male,White,HS-grad,Exec-managerial,34,15651,0,1,1
42,Male,White,Bachelors,Adm-clerical,39,0,0,0,1
34,Male,White,Masters,Other-service,31,0,0,1,1
46,Male,White,Some-college,Prof-specialty,33,0,0,0,1
25,Female,White,Bachelors,Craft-repair,42,12220,0,1,1
32,Female,White,Masters,Sales,50,0,0,1,1
44,Male,White,Masters,Craft-repair,30,18039,2700,1,1
63,Male,White,HS-grad,Prof-specialty,34,0,0,0,0
24,Female,Black,Doctorate,Prof-specialty,32,0,0,1,1
20,Male,White,HS-grad,Exec-managerial,15,1988,0,0,0
46,Male,White,HS-grad,Craft-repair,41,0,0,0,0
61,Male,White,Bachelors,Exec-managerial,49,0,0,1,1
41,Male,White,Masters,Other-service,50,0,0,1,1
20,Male,White,Masters,Craft-repair,31,0,0,1,1
37,Male,White,Bachelors,Adm-clerical,27,0,0,1,1
63,Male,White,HS-grad,Other-service,40,0,0,0,0
32,Female,White,Some-college,Adm-clerical,48,0,0,0,0
42,Male,White,HS-grad,Craft-repair,41,0,0,0,0
47,Male,White,HS-grad,Exec-managerial,42,0,0,0,0
31,Female,White,Some-college,Adm-clerical,51,0,0,0,0
24,Male,White,Doctorate,Prof-specialty,32,0,0,1,1
34,Male,Asian-Pac-Islander,Masters,Sales,37,0,0,1,1
61,Female,White,Some-college,Exec-managerial,56,0,0,1,1
37,Male,White,Some-college,Other-service,38,0,0,0,0
53,Female,Amer-Indian-Eskimo,HS-grad,Other-service,27,0,0,0,0
26,Male,White,HS-grad,Craft-repair,33,0,0,0,0
55,Male,White,HS-grad,Other-service,30,0,0,0,0
39,Male,White,Some-college,Sales,43,0,0,0,0
19,Male,White,Masters,Sales,31,0,2629,1,1
41,Female,White,Bachelors,Prof-specialty,42,0,0,0,1
25,Male,Black,Some-college,Other-service,32,0,0,0,0
28,Female,White,HS-grad,Exec-managerial,18,0,0,0,0
30,Female,White,Bachelors,Sales,43,0,0,0,0
34,Male,White,HS-grad,Exec-managerial,41,0,0,0,0
25,Female,Black,HS-grad,Prof-specialty,45,0,0,0,0
38,Male,White,Some-college,Craft-repair,33,0,0,0,0
35,Male,White,Bachelors,Sales,32,0,0,1,1
47,Female,White,Some-college,Sales,44,0,0,0,0
35,Male,White,Masters,Sales,55,0,0,1,1
63,Male,Black,Bachelors,Other-service,40,0,0,0,0
64,Male,White,Some-college,Exec-managerial,44,0,0,0,0
48,Male,White,HS-grad,Sales,36,12731,0,0,0
55,Male,White,HS-grad,Exec-managerial,24,0,0,0,0
49,Male,White,HS-grad,Other-service,49,0,0,0,0
28,Male,White,Some-college,Adm-clerical,49,0,0,0,0
62,Male,White,HS-grad,Adm-clerical,47,0,0,0,0
42,Male,White,Bachelors,Exec-managerial,38,0,0,1,1
50,Male,White,Bachelors,Other-service,45,0,0,1,1
55,Male,Asian-Pac-Islander,HS-grad,Adm-clerical,48,0,0,0,0
58,Female,White,Some-college,Prof-specialty,56,0,0,0,0
25,Male,Black,HS-grad,Prof-specialty,49,0,0,0,0
28,Male,White,Bachelors,Adm-clerical,40,0,0,0,1
39,Male,White,Bachelors,Craft-repair,26,0,2736,1,1
41,Male,White,HS-grad,Exec-managerial,41,0,0,0,0
58,Male,White,Some-college,Adm-clerical,42,0,0,0,0
34,Female,White,HS-grad,Exec-managerial,47,0,0,0,0
29,Female,White,Some-college,Other-service,53,0,0,0,0
63,Female,White,HS-grad,Adm-clerical,39,0,0,0,0
49,Female,Black,Bachelors,Prof-specialty,61,0,0,0,1
32,Male,White,Some-college,Other-service,22,0,0,0,0
33,Male,White,HS-grad,Craft-repair,44,17634,0,0,0
39,Female,White,Doctorate,Exec-managerial,32,0,0,1,1
45,Female,White,Some-college,Craft-repair,20,0,0,0,0
37,Female,White,Bachelors,Prof-specialty,37,0,0,0,1
50,Female,White,Bachelors,Sales,25,0,0,0,1
27,Female,White,Doctorate,Sales,38,0,0,1,1
57,Male,White,HS-grad,Exec-managerial,40,0,0,0,0
49,Female,White,Bachelors,Other-service,51,0,0,0,1
50,Female,White,Bachelors,Prof-specialty,24,0,0,0,1
19,Female,White,Bachelors,Exec-managerial,49,0,0,1,1
50,Male,White,Some-college,Other-service,40,0,0,0,0
50,Female,Asian-Pac-Islander,Bachelors,Exec-managerial,50,0,0,1,1
58,Female,Black,HS-grad,Exec-managerial,35,0,0,0,0
30,Male,White,Masters,Craft-repair,26,0,0,1,1
47,Male,White,HS-grad,Adm-clerical,27,0,0,0,0
50,Male,White,Bachelors,Prof-specialty,27,0,0,1,1
30,Female,Black,Some-college,Craft-repair,44,0,0,0,0
43,Male,White,Bachelors,Other-service,54,0,0,1,1
39,Male,White,Some-college,Adm-clerical,34,0,0,0,0
56,Male,Other,Some-college,Exec-managerial,46,0,0,1,1
19,Male,White,HS-grad,Sales,24,0,0,0,0
55,Male,White,HS-grad,Craft-repair,41,0,0,0,0
56,Male,Black,HS-grad,Prof-specialty,46,10878,0,0,0
43,Female,White,HS-grad,Prof-specialty,25,8923,0,0,0
63,Female,Black,Some-college,Adm-clerical,37,0,0,0,0
32,Male,White,Some-college,Craft-repair,47,0,0,0,0
51,Female,Asian-Pac-Islander,HS-grad,Exec-managerial,10,0,0,0,0
59,Female,White,Masters,Adm-clerical,53,0,0,1,1
61,Male,Asian-Pac-Islander,Some-college,Other-service,43,0,0,0,0
57,Male,White,Some-college,Prof-specialty,47,0,0,1,1
28,Male,White,HS-grad,Other-service,35,0,0,0,0
20,Female,White,HS-grad,Craft-repair,22,0,0,0,0
23,Male,White,HS-grad,Sales,45,0,0,0,0
26,Male,White,Some-college,Other-service,39,0,0,0,0
23,Female,White,Bachelors,Exec-managerial,40,0,0,0,1
26,Male,White,Masters,Prof-specialty,50,0,0,1,1
56,Female,White,HS-grad,Craft-repair,47,0,0,0,0
48,Female,White,HS-grad,Sales,59,0,0,0,0
49,Male,Asian-Pac-Islander,HS-grad,Prof-specialty,41,8967,0,1,0
58,Female,White,Some-college,Sales,33,0,0,0,0
29,Male,White,Bachelors,Prof-specialty,38,0,0,1,1
25,Male,White,Masters,Adm-clerical,44,18970,0,1,1
25,Male,White,Bachelors,Adm-clerical,50,0,0,1,1
45,Male,White,Bachelors,Adm-clerical,25,0,0,0,1
37,Female,White,HS-grad,Craft-repair,40,0,0,0,0
64,Male,Black,HS-grad,Adm-clerical,56,16002,0,0,0
24,Male,White,HS-grad,Craft-repair,37,0,0,0,0
28,Female,White,HS-grad,Exec-managerial,49,17170,0,1,1
37,Male,White,Bachelors,Adm-clerical,44,0,0,1,1
33,Female,White,HS-grad,Craft-repair,49,3500,0,0,0
21,Male,White,Some-college,Prof-specialty,31,0,0,0,0
23,Female,White,Some-college,Craft-repair,31,0,0,0,0
39,Male,White,HS-grad,Other-service,40,0,0,0,0
43,Male,White,Masters,Craft-repair,24,0,0,1,1
20,Male,White,Some-college,Other-service,37,0,0,0,0
58,Male,Black,Bachelors,Prof-specialty,42,0,0,1,1
59,Female,White,Some-college,Craft-repair,57,0,0,0,0
31,Male,White,Some-college,Prof-specialty,44,0,1549,0,0
28,Male,White,Bachelors,Other-service,46,0,0,1,1
35,Male,White,Bachelors,Sales,51,0,0,1,1
29,Female,Black,Some-college,Adm-clerical,30,0,0,0,0
40,Female,White,HS-grad,Other-service,38,0,0,0,0
29,Male,White,Bachelors,Exec-managerial,64,0,1518,1,1
30,Male,Black,HS-grad,Craft-repair,39,0,0,0,0
42,Male,White,HS-grad,Prof-specialty,51,0,0,0,1
62,Male,White,Masters,Adm-clerical,49,0,0,1,1
36,Male,White,Doctorate,Craft-repair,25,0,0,1,1
63,Male,White,Some-college,Adm-clerical,43,0,0,0,0
53,Male,White,HS-grad,Sales,41,0,0,0,0
62,Female,White,HS-grad,Craft-repair,43,0,647,0,0
25,Male,White,HS-grad,Prof-specialty,32,0,2762,0,0
46,Female,White,HS-grad,Sales,28,0,0,0,0
49,Male,White,Bachelors,Craft-repair,35,0,0,1,1
61,Female,White,Some-college,Adm-clerical,39,0,2245,0,0
35,Male,White,Some-college,Sales,51,0,0,0,0
23,Male,White,HS-grad,Prof-specialty,58,0,0,0,0
35,Female,Black,Masters,Craft-repair,53,0,0,1,1
36,Male,Black,Bachelors,Adm-clerical,48,0,0,1,0
39,Male,Asian-Pac-Islander,HS-grad,Adm-clerical,29,0,1427,0,0
54,Male,Black,Masters,Other-service,35,0,0,1,1
49,Female,White,HS-grad,Sales,42,0,0,0,0
58,Male,White,Some-college,Craft-repair,33,4866,2726,0,0
20,Female,White,Masters,Other-service,45,0,0,1,1
45,Male,White,HS-grad,Adm-clerical,47,0,3318,0,0
27,Male,White,Some-college,Sales,45,0,0,0,0
52,Male,White,Bachelors,Exec-managerial,50,0,0,1,1
46,Male,White,HS-grad,Adm-clerical,30,0,0,0,0
32,Male,Black,HS-grad,Sales,49,17659,3413,0,0
50,Female,White,HS-grad,Exec-managerial,33,0,0,0,0
24,Male,White,Some-college,Sales,30,0,0,0,0
29,Male,Other,HS-grad,Adm-clerical,45,2930,0,0,0
47,Male,White,Some-college,Exec-managerial,52,0,0,1,1
38,Female,White,Masters,Sales,44,0,0,1,1
48,Female,White,HS-grad,Craft-repair,40,0,0,0,0
41,Female,White,Some-college,Exec-managerial,43,9066,0,0,1
37,Male,White,Bachelors,Sales,41,0,0,0,0
54,Female,White,Bachelors,Craft-repair,28,0,0,0,0
21,Male,White,HS-grad,Exec-managerial,27,0,0,0,0
45,Male,White,HS-grad,Sales,39,0,0,0,0
61,Female,Black,Bachelors,Adm-clerical,40,0,0,0,0
37,Female,Black,Masters,Exec-managerial,40,0,0,1,1
41,Male,White,HS-grad,Exec-managerial,46,0,0,0,1
49,Male,White,HS-grad,Craft-repair,37,0,0,0,0
58,Male,Asian-Pac-Islander,Some-college,Other-service,45,0,0,0,0
53,Male,Black,Masters,Other-service,38,0,0,1,1
51,Female,Black,Some-college,Sales,58,0,0,0,0
53,Male,Black,Bachelors,Adm-clerical,40,0,0,0,1
19,Female,White,Masters,Craft-repair,63,9975,0,1,1
32,Male,White,Some-college,Exec-managerial,43,0,0,1,0
51,Female,White,Masters,Other-service,37,0,0,1,1
53,Female,White,Doctorate,Craft-repair,31,0,0,1,1
23,Male,White,HS-grad,Craft-repair,25,0,0,0,0
56,Male,White,Bachelors,Craft-repair,30,0,0,0,1
59,Female,White,HS-grad,Exec-managerial,31,0,0,0,0
29,Male,White,HS-grad,Prof-specialty,43,0,2878,0,0
20,Female,White,Some-college,Craft-repair,34,1412,0,0,0
62,Male,White,Bachelors,Prof-specialty,41,0,0,1,1
35,Male,White,Some-college,Other-service,52,0,0,0,0
57,Female,White,Some-college,Adm-clerical,39,0,0,0,0
38,Male,White,Bachelors,Other-service,60,0,0,1,1
32,Female,Asian-Pac-Islander,HS-grad,Adm-clerical,28,0,1849,0,0
50,Male,White,Some-college,Adm-clerical,38,0,0,0,0
52,Female,White,Some-college,Other-service,34,0,0,0,0
43,Male,White,HS-grad,Sales,49,0,0,0,0
25,Male,White,HS-grad,Exec-managerial,17,0,0,0,0
53,Male,White,HS-grad,Prof-specialty,25,0,0,0,0
47,Female,White,Masters,Sales,38,0,0,1,1
40,Male,White,HS-grad,Prof-specialty,55,0,0,0,0
59,Female,White,Doctorate,Exec-managerial,42,0,2454,1,1
61,Male,White,Bachelors,Craft-repair,26,0,3850,1,1
31,Female,Black,Bachelors,Other-service,28,0,0,0,0
31,Female,White,HS-grad,Sales,56,16302,0,0,0
19,Male,White,HS-grad,Exec-managerial,33,0,0,0,0
54,Male,White,HS-grad,Other-service,30,0,0,0,0
22,Male,White,HS-grad,Sales,54,0,0,0,0
55,Male,White,HS-grad,Adm-clerical,50,0,986,0,0
62,Male,White,Bachelors,Sales,52,0,0,1,1
58,Female,White,HS-grad,Craft-repair,30,0,0,0,0
64,Male,White,Some-college,Craft-repair,24,0,0,0,0
31,Female,White,HS-grad,Prof-specialty,41,0,0,0,0
56,Female,White,HS-grad,Sales,43,0,0,0,0
42,Male,White,Masters,Adm-clerical,43,0,0,1,1
37,Male,White,Some-college,Craft-repair,54,0,0,0,0
19,Male,White,Bachelors,Prof-specialty,22,0,0,1,1
56,Female,White,Masters,Adm-clerical,48,2172,0,1,1
23,Male,White,Doctorate,Adm-clerical,29,0,0,1,1
34,Male,White,Masters,Adm-clerical,48,0,0,1,1
42,Female,White,Bachelors,Exec-managerial,35,0,0,0,1
45,Male,White,Masters,Craft-repair,31,0,0,1,1
19,Female,White,Bachelors,Exec-managerial,33,0,0,0,1
52,Male,Black,Masters,Exec-managerial,25,0,3561,1,1
54,Male,White,Doctorate,Craft-repair,40,0,0,1,1
22,Female,White,Bachelors,Sales,32,0,3398,0,1
18,Male,White,Some-college,Other-service,47,0,0,0,0
57,Female,White,Bachelors,Prof-specialty,46,0,0,1,1
29,Male,White,Some-college,Other-service,56,0,0,0,0
53,Female,White,HS-grad,Other-service,43,0,0,0,0
62,Male,White,Bachelors,Other-service,45,0,0,0,1
40,Male,White,Bachelors,Other-service,54,0,0,1,1
64,Male,Asian-Pac-Islander,Some-college,Craft-repair,33,0,0,0,0
48,Male,White,Bachelors,Other-service,25,0,0,1,0
28,Male,White,Bachelors,Prof-specialty,42,0,1626,1,1
27,Male,White,HS-grad,Sales,25,0,2344,0,0
20,Male,White,Masters,Craft-repair,64,0,0,1,1
31,Male,White,HS-grad,Other-service,54,0,0,0,0
33,Male,Other,Bachelors,Adm-clerical,61,0,0,1,1
27,Male,White,HS-grad,Craft-repair,40,0,0,0,0
46,Male,Asian-Pac-Islander,Bachelors,Sales,45,0,0,1,1
27,Female,White,Bachelors,Other-service,35,0,0,0,0
29,Male,Black,HS-grad,Exec-managerial,48,0,0,0,0
47,Male,White,Doctorate,Craft-repair,27,4479,0,1,1
58,Male,White,Bachelors,Adm-clerical,14,0,0,0,0
18,Female,White,HS-grad,Craft-repair,32,0,0,0,0
22,Male,White,HS-grad,Exec-managerial,25,0,0,0,0
37,Female,White,Some-college,Craft-repair,54,0,0,0,0
25,Male,White,Some-college,Adm-clerical,58,0,0,0,0
60,Male,White,Some-college,Sales,25,0,0,0,0
29,Female,White,Bachelors,Adm-clerical,52,0,2896,0,1
18,Male,Asian-Pac-Islander,Bachelors,Sales,49,0,0,1,1
37,Male,Black,HS-grad,Adm-clerical,24,0,0,0,0
45,Female,White,HS-grad,Prof-specialty,36,0,0,0,0
60,Male,White,HS-grad,Craft-repair,34,0,0,0,0
54,Female,White,Some-college,Craft-repair,47,0,0,0,0
64,Male,White,Some-college,Exec-managerial,27,0,0,0,0
54,Female,White,Some-college,Prof-specialty,39,0,0,0,0
29,Female,White,HS-grad,Exec-managerial,33,0,0,0,0
54,Male,White,Masters,Craft-repair,44,0,0,1,1
61,Female,White,HS-grad,Exec-managerial,37,0,0,0,0
45,Male,White,Bachelors,Sales,34,0,0,1,1
64,Male,White,Doctorate,Prof-specialty,37,14991,0,1,1
32,Male,White,Bachelors,Adm-clerical,60,0,0,1,1
23,Male,White,HS-grad,Sales,35,0,1053,0,0
61,Female,White,HS-grad,Other-service,29,0,0,0,0
37,Male,White,Masters,Adm-clerical,45,0,1598,1,1
31,Female,White,Some-college,Exec-managerial,38,0,0,0,0
19,Male,White,HS-grad,Craft-repair,25,0,0,0,0
26,Male,White,Some-college,Sales,62,0,0,0,0
54,Male,White,HS-grad,Prof-specialty,36,0,0,0,0
37,Male,White,HS-grad,Adm-clerical,36,0,0,0,0
43,Female,White,Doctorate,Other-service,41,19376,2866,1,1
46,Female,White,Masters,Sales,57,0,0,1,1
18,Female,White,Some-college,Craft-repair,23,0,0,0,0
52,Female,White,Bachelors,Prof-specialty,42,0,0,1,1
23,Male,Black,Masters,Prof-specialty,60,0,0,1,1
54,Male,White,Masters,Adm-clerical,41,0,0,1,1
22,Female,White,Some-college,Sales,27,0,0,0,0
50,Male,White,Bachelors,Sales,33,0,0,0,1
31,Male,White,Some-college,Prof-specialty,42,9233,0,1,1
29,Male,White,Masters,Exec-managerial,53,0,0,1,1
59,Male,White,HS-grad,Prof-specialty,36,0,0,0,0
37,Male,White,HS-grad,Craft-repair,48,0,0,0,0
41,Female,White,HS-grad,Sales,25,0,0,0,0
60,Male,White,Masters,Adm-clerical,25,0,0,1,1
51,Male,White,Some-college,Sales,35,16083,0,0,1
42,Male,White,Masters,Prof-specialty,54,0,0,1,1
46,Female,White,Masters,Craft-repair,40,0,0,0,1
56,Female,White,HS-grad,Exec-managerial,42,0,0,0,0
48,Female,White,Bachelors,Sales,42,0,0,0,0
64,Male,White,Bachelors,Prof-specialty,51,0,0,1,1
60,Female,White,HS-grad,Other-service,33,14893,0,0,0
40,Male,White,HS-grad,Prof-specialty,46,0,0,1,0
61,Female,White,Bachelors,Prof-specialty,31,0,0,1,1
55,Female,White,HS-grad,Craft-repair,59,6878,0,0,0
37,Male,White,HS-grad,Prof-specialty,31,11709,0,0,1
40,Male,White,HS-grad,Prof-specialty,31,0,0,0,0
62,Male,White,HS-grad,Prof-specialty,45,0,0,0,0
33,Male,White,Bachelors,Sales,40,0,0,0,1
59,Female,White,Some-college,Prof-specialty,43,0,0,0,0
25,Female,White,Some-college,Craft-repair,42,0,0,0,0
38,Female,White,Doctorate,Other-service,29,0,0,1,1
18,Male,White,Bachelors,Sales,56,0,2874,1,1
25,Male,White,Some-college,Other-service,48,0,0,0,0
46,Male,White,Some-college,Prof-specialty,53,0,0,0,1
49,Male,White,Some-college,Exec-managerial,34,0,0,0,1
55,Male,White,Bachelors,Other-service,44,0,0,1,1
22,Male,White,Masters,Craft-repair,41,0,0,1,1
64,Male,White,Some-college,Exec-managerial,51,0,0,1,1
39,Female,White,Masters,Craft-repair,51,0,0,1,1
64,Male,Black,Masters,Exec-managerial,41,0,0,1,1
51,Female,White,HS-grad,Prof-specialty,24,0,0,0,0
18,Male,White,HS-grad,Exec-managerial,57,0,0,0,0
43,Male,White,Bachelors,Other-service,45,0,0,1,1
60,Female,White,Masters,Exec-managerial,33,0,0,1,1
27,Female,White,Bachelors,Craft-repair,44,0,0,0,0
47,Male,Black,HS-grad,Prof-specialty,24,0,0,0,0
35,Male,White,HS-grad,Craft-repair,50,0,0,0,0
34,Male,White,HS-grad,Prof-specialty,25,0,0,0,0
43,Male,White,Bachelors,Other-service,37,0,0,1,1
25,Female,Asian-Pac-Islander,Masters,Adm-clerical,42,0,0,1,1
64,Male,White,Some-college,Sales,50,0,0,0,0
57,Male,White,Bachelors,Other-service,41,0,0,0,0
29,Female,White,Bachelors,Other-service,46,0,0,1,1
44,Male,White,Bachelors,Sales,39,0,0,0,0
25,Male,White,Some-college,Craft-repair,39,0,0,0,0
42,Male,White,HS-grad,Other-service,40,0,0,0,0
63,Male,White,HS-grad,Prof-specialty,38,0,0,0,0
21,Male,White,Bachelors,Exec-managerial,23,0,0,1,1
50,Male,White,Masters,Other-service,32,0,0,1,1
18,Male,White,Some-college,Sales,42,0,0,0,0
36,Female,White,Some-college,Other-service,37,0,0,0,0
48,Female,Black,Masters,Craft-repair,38,0,0,0,1
33,Female,White,Bachelors,Craft-repair,36,0,0,0,0
31,Male,Asian-Pac-Islander,Bachelors,Craft-repair,31,0,0,1,1
22,Male,Black,Bachelors,Prof-specialty,35,8658,0,1,1
58,Male,White,HS-grad,Other-service,36,5658,0,0,0
43,Female,White,Bachelors,Craft-repair,40,0,0,0,0
45,Male,White,HS-grad,Adm-clerical,43,0,0,0,0
19,Male,White,HS-grad,Exec-managerial,38,0,0,0,0
23,Male,White,Some-college,Craft-repair,29,0,0,0,0
26,Male,White,Masters,Prof-specialty,26,0,0,1,1
50,Male,White,Some-college,Exec-managerial,65,0,0,1,1
58,Female,White,Doctorate,Exec-managerial,28,0,0,1,1
42,Female,White,Bachelors,Sales,34,0,0,0,1
30,Female,Black,Doctorate,Craft-repair,45,0,0,1,1
26,Female,White,HS-grad,Craft-repair,43,0,0,0,0
30,Female,Asian-Pac-Islander,Masters,Other-service,45,0,0,1,1
48,Male,White,HS-grad,Prof-specialty,35,0,0,0,0
58,Male,Asian-Pac-Islander,Some-college,Adm-clerical,42,0,0,0,0
28,Female,White,HS-grad,Other-service,40,0,0,0,0
21,Male,White,HS-grad,Adm-clerical,36,0,0,0,0
51,Male,White,Some-college,Sales,42,0,0,0,0
55,Male,White,Bachelors,Adm-clerical,50,0,0,1,1
63,Male,White,Masters,Prof-specialty,39,0,0,1,1
21,Male,White,Doctorate,Sales,39,0,0,1,1
55,Male,Black,Some-college,Craft-repair,50,0,0,0,0
36,Male,White,Some-college,Adm-clerical,49,0,0,0,0
23,Female,White,Some-college,Prof-specialty,55,0,0,0,0
51,Male,White,Bachelors,Prof-specialty,22,0,0,1,1
35,Female,White,Some-college,Craft-repair,49,0,0,0,0
30,Male,White,Masters,Prof-specialty,46,0,0,1,1
58,Male,Black,Masters,Sales,31,0,0,0,1
40,Male,Black,Bachelors,Sales,42,0,0,0,0
36,Male,Asian-Pac-Islander,Masters,Other-service,50,0,0,1,1
62,Male,Black,Some-college,Exec-managerial,31,0,2187,0,0
28,Female,White,Some-college,Craft-repair,44,0,0,0,0
18,Female,White,HS-grad,Prof-specialty,48,0,0,0,0
41,Female,White,Bachelors,Adm-clerical,29,5011,0,1,1
24,Male,Amer-Indian-Eskimo,HS-grad,Other-service,38,0,0,0,0
42,Male,White,Some-college,Sales,43,9387,0,1,1
38,Male,White,Doctorate,Craft-repair,32,0,0,1,1
32,Male,White,HS-grad,Craft-repair,31,0,0,0,0
18,Male,White,Bachelors,Sales,38,0,0,1,1
29,Male,White,HS-grad,Exec-managerial,48,0,0,0,1
24,Male,Black,HS-grad,Craft-repair,46,0,0,0,0
32,Male,White,Some-college,Prof-specialty,31,0,0,0,0
38,Male,White,Masters,Adm-clerical,46,0,0,1,1
36,Male,White,HS-grad,Adm-clerical,31,0,0,0,0
46,Male,White,HS-grad,Sales,23,11587,0,0,0
42,Female,White,Bachelors,Craft-repair,36,0,0,0,1
50,Male,White,Some-college,Adm-clerical,51,0,0,0,0
49,Male,Black,HS-grad,Craft-repair,46,0,0,0,0
52,Male,White,HS-grad,Sales,39,0,0,0,0
61,Male,White,HS-grad,Exec-managerial,35,0,0,0,0
55,Female,White,Masters,Adm-clerical,36,0,0,0,1
43,Female,White,Masters,Prof-specialty,41,0,0,1,1
28,Male,White,Doctorate,Other-service,29,0,0,1,1
52,Male,White,HS-grad,Sales,36,0,0,0,0
25,Female,White,HS-grad,Other-service,37,0,0,0,0
63,Male,White,Bachelors,Exec-managerial,26,0,0,1,1
31,Female,Black,Masters,Prof-specialty,31,0,0,0,1
27,Male,White,Bachelors,Other-service,44,3213,0,1,1
19,Male,White,Masters,Prof-specialty,40,0,0,1,1
63,Female,White,Some-college,Adm-clerical,36,0,0,0,0
26,Female,Black,Some-college,Craft-repair,30,0,0,0,0
20,Female,White,HS-grad,Sales,55,0,0,0,0
38,Male,Black,HS-grad,Prof-specialty,31,0,0,0,0
43,Male,White,Bachelors,Adm-clerical,42,0,0,0,0
25,Female,White,Masters,Exec-managerial,35,0,0,1,1
19,Male,White,Some-college,Prof-specialty,40,0,0,0,1
23,Male,White,Bachelors,Exec-managerial,44,0,0,1,1
45,Female,White,HS-grad,Sales,26,0,0,0,0
46,Male,White,Some-college,Adm-clerical,39,0,0,0,0
43,Male,Black,Some-college,Exec-managerial,51,0,787,0,1
42,Female,Black,Bachelors,Craft-repair,57,0,0,0,0
29,Female,White,Masters,Other-service,38,0,0,1,1
22,Male,White,Bachelors,Exec-managerial,40,0,0,1,1
51,Male,White,Bachelors,Exec-managerial,62,0,0,1,1
54,Female,White,Some-college,Adm-clerical,51,0,0,0,0
32,Female,White,Some-college,Adm-clerical,33,0,0,0,0
61,Female,Black,Some-college,Prof-specialty,33,0,1915,0,0
53,Male,Asian-Pac-Islander,Bachelors,Other-service,49,0,0,1,1
32,Male,White,Some-college,Exec-managerial,29,0,0,0,0
60,Male,White,HS-grad,Exec-managerial,50,0,0,0,1
40,Female,White,HS-grad,Adm-clerical,43,0,0,0,0
23,Female,White,HS-grad,Craft-repair,45,0,0,0,0
63,Male,White,Bachelors,Adm-clerical,37,0,0,1,0
61,Male,White,Some-college,Craft-repair,33,11687,0,0,1
60,Male,White,Masters,Other-service,54,0,0,1,1
62,Female,White,Bachelors,Adm-clerical,37,0,0,0,0
38,Female,White,Bachelors,Other-service,35,0,0,0,0
40,Male,White,Bachelors,Sales,39,0,0,1,1
60,Male,Asian-Pac-Islander,Bachelors,Exec-managerial,41,0,0,1,1
33,Male,White,Masters,Other-service,29,0,0,1,1
64,Male,White,Some-college,Craft-repair,34,0,0,0,0
32,Female,White,Bachelors,Sales,33,0,0,0,0
42,Female,White,Bachelors,Craft-repair,48,0,0,1,0
53,Male,White,Masters,Prof-specialty,31,0,0,1,1
28,Male,Black,Some-college,Prof-specialty,22,0,0,0,0
32,Female,White,HS-grad,Exec-managerial,20,0,0,0,0
21,Male,Black,HS-grad,Sales,25,0,0,0,0
38,Male,White,Masters,Sales,53,0,0,1,1
30,Female,White,HS-grad,Prof-specialty,40,0,0,0,0
39,Female,Black,Bachelors,Exec-managerial,45,0,0,0,1
36,Female,White,Doctorate,Other-service,45,0,0,1,1
51,Male,Other,Masters,Prof-specialty,40,0,0,1,1
31,Male,White,Masters,Sales,39,0,0,1,1
21,Male,Black,Doctorate,Craft-repair,50,0,0,1,1
63,Male,White,Masters,Sales,41,0,0,1,1
44,Female,White,Bachelors,Exec-managerial,53,0,0,1,1
46,Male,White,HS-grad,Sales,46,0,0,0,0
64,Female,White,Bachelors,Adm-clerical,33,0,0,0,0
45,Male,Black,Bachelors,Sales,35,0,0,0,0
52,Male,White,Masters,Adm-clerical,32,0,3738,1,1
25,Female,White,Some-college,Prof-specialty,52,0,0,0,0
33,Male,White,Some-college,Other-service,35,0,0,0,0
59,Male,White,Masters,Adm-clerical,32,0,0,1,1
53,Male,White,Bachelors,Sales,43,0,0,0,1
47,Male,White,Bachelors,Other-service,39,0,0,1,0
35,Male,Black,Some-college,Other-service,42,0,0,0,0
19,Male,White,Masters,Sales,58,0,0,1,1
30,Female,White,Masters,Sales,49,0,0,1,1
21,Female,White,Some-college,Exec-managerial,40,0,0,0,0
43,Male,White,Doctorate,Prof-specialty,25,0,0,1,1
42,Male,White,Some-college,Adm-clerical,35,0,0,0,0
47,Male,White,Bachelors,Craft-repair,47,0,0,1,1
28,Male,White,Doctorate,Adm-clerical,28,0,0,1,1
24,Male,Black,Some-college,Sales,61,14480,0,0,1
48,Female,White,HS-grad,Craft-repair,40,0,0,0,0
61,Male,White,Masters,Craft-repair,40,0,0,1,1
27,Female,White,HS-grad,Adm-clerical,33,0,0,0,0
56,Female,White,Some-college,Adm-clerical,44,0,0,0,0
30,Female,White,Bachelors,Adm-clerical,28,0,0,0,0
48,Male,Black,Masters,Adm-clerical,61,0,0,1,1
24,Male,White,Bachelors,Prof-specialty,53,0,558,1,1
59,Female,White,Doctorate,Exec-managerial,49,0,0,1,1
59,Male,White,Bachelors,Exec-managerial,26,0,0,1,1
53,Female,White,Bachelors,Adm-clerical,42,0,0,0,0
37,Male,Asian-Pac-Islander,HS-grad,Exec-managerial,52,0,3398,0,0
21,Male,White,Some-college,Adm-clerical,45,9345,0,1,1
24,Female,White,Bachelors,Adm-clerical,29,0,0,0,1
18,Female,White,Bachelors,Adm-clerical,33,0,0,0,0
61,Female,White,Some-college,Other-service,35,0,0,0,0
62,Female,White,HS-grad,Prof-specialty,33,0,0,0,0
59,Male,White,Some-college,Sales,55,0,0,1,0
64,Male,White,Bachelors,Exec-managerial,20,0,0,1,1
30,Female,White,Masters,Exec-managerial,46,0,0,1,1
39,Male,White,Bachelors,Prof-specialty,27,0,0,1,1
38,Female,White,Bachelors,Prof-specialty,30,0,0,1,1
39,Male,Asian-Pac-Islander,Masters,Adm-clerical,19,0,0,1,1
45,Male,White,Masters,Adm-clerical,34,0,0,1,1
26,Male,Black,Some-college,Other-service,55,0,0,0,0
43,Male,White,HS-grad,Other-service,42,0,0,0,0
26,Female,Asian-Pac-Islander,HS-grad,Sales,28,0,1401,0,0
32,Female,White,HS-grad,Exec-managerial,50,10170,0,0,1
27,Male,White,Some-college,Prof-specialty,52,0,0,1,1
41,Male,White,HS-grad,Sales,41,0,0,0,0
59,Male,White,HS-grad,Exec-managerial,60,0,0,0,0
25,Male,White,HS-grad,Sales,48,8398,0,0,1
41,Male,White,Masters,Sales,46,0,0,1,1
33,Male,Asian-Pac-Islander,HS-grad,Adm-clerical,31,0,0,0,0
43,Male,White,Some-college,Sales,46,0,0,0,0
44,Male,White,HS-grad,Adm-clerical,42,0,0,0,0
54,Male,White,Some-college,Exec-managerial,45,1113,0,0,0
21,Male,White,Bachelors,Other-service,33,0,0,1,1
41,Male,White,Masters,Exec-managerial,41,0,0,1,1
36,Male,White,Some-college,Adm-clerical,31,0,0,0,0
53,Male,White,Bachelors,Other-service,18,19000,0,1,1
56,Female,White,Some-college,Craft-repair,49,0,0,0,0
27,Male,Black,HS-grad,Other-service,24,0,0,0,0
42,Female,White,Some-college,Sales,41,0,0,0,0
35,Male,Asian-Pac-Islander,Masters,Exec-managerial,43,0,0,1,1
36,Female,White,HS-grad,Sales,43,0,0,0,0
53,Male,White,Bachelors,Other-service,37,19606,0,1,1
27,Female,White,HS-grad,Craft-repair,42,0,0,0,0
50,Male,White,Bachelors,Sales,44,0,0,1,1
22,Female,White,Bachelors,Craft-repair,47,0,0,0,1
64,Male,White,Bachelors,Prof-specialty,57,0,0,1,1
52,Male,White,HS-grad,Craft-repair,42,0,0,0,0
61,Female,White,Some-college,Exec-managerial,40,0,0,0,0
51,Male,Black,Bachelors,Other-service,30,0,0,0,0
50,Female,White,Bachelors,Adm-clerical,44,0,0,0,0
38,Male,White,Masters,Adm-clerical,46,0,0,1,1
34,Male,White,Bachelors,Sales,38,0,0,1,1
39,Female,White,Bachelors,Other-service,45,0,0,1,1
54,Male,White,Bachelors,Prof-specialty,37,0,3459,1,1
32,Male,White,Some-college,Sales,46,0,0,0,0
52,Female,White,Some-college,Craft-repair,49,0,0,0,0
45,Female,White,HS-grad,Adm-clerical,48,0,0,0,0
24,Female,White,Masters,Craft-repair,41,0,0,1,1
49,Male,White,HS-grad,Adm-clerical,29,0,0,0,0
28,Male,White,Masters,Adm-clerical,33,0,0,1,1
27,Male,White,Masters,Adm-clerical,45,0,0,1,1
26,Male,White,Masters,Other-service,64,0,0,1,1
31,Female,White,HS-grad,Exec-managerial,36,0,0,0,0
30,Male,White,Bachelors,Other-service,44,0,0,0,1
42,Male,White,HS-grad,Craft-repair,34,0,0,0,0
19,Male,White,Some-college,Other-service,30,0,0,0,0
52,Female,White,Masters,Sales,33,0,0,1,1
24,Female,White,Some-college,Prof-specialty,19,0,0,0,0
38,Male,White,Some-college,Sales,53,0,0,0,1
35,Male,White,Bachelors,Other-service,17,0,0,1,0
20,Female,White,Masters,Craft-repair,37,0,0,1,1
59,Male,Black,Masters,Prof-specialty,28,0,0,1,1
56,Male,Black,Some-college,Sales,31,0,0,0,0
58,Male,White,Some-college,Prof-specialty,53,0,0,1,1
28,Male,White,Masters,Craft-repair,42,6232,0,1,1
56,Male,White,Bachelors,Adm-clerical,30,0,0,1,1
41,Female,White,Some-college,Craft-repair,34,0,0,0,0
63,Male,White,Bachelors,Exec-managerial,32,0,0,1,1
36,Male,White,Some-college,Prof-specialty,39,0,0,0,0
21,Female,White,Some-college,Craft-repair,41,0,0,0,0
43,Female,White,HS-grad,Adm-clerical,58,0,0,0,0
55,Male,White,Masters,Adm-clerical,20,17517,0,1,1
59,Male,White,HS-grad,Craft-repair,39,0,0,0,0
49,Male,White,HS-grad,Sales,36,0,0,0,0
56,Male,White,HS-grad,Craft-repair,49,0,0,0,0
62,Male,White,Some-college,Adm-clerical,43,0,2933,0,0
63,Male,White,Some-college,Craft-repair,45,0,0,0,1
53,Male,White,Some-college,Exec-managerial,43,0,0,0,1
57,Male,White,Bachelors,Sales,30,0,1795,0,1
54,Male,White,Some-college,Craft-repair,52,0,0,0,1
50,Male,White,Doctorate,Adm-clerical,47,0,0,1,1
53,Male,White,HS-grad,Craft-repair,49,0,0,0,0
20,Male,White,Bachelors,Craft-repair,52,0,0,1,1
26,Male,White,HS-grad,Prof-specialty,44,0,0,0,0
25,Male,White,Some-college,Craft-repair,54,0,0,1,0
50,Male,White,Masters,Exec-managerial,43,6128,0,1,1
23,Male,White,Doctorate,Adm-clerical,37,0,0,1,1
58,Male,White,HS-grad,Other-service,39,0,0,0,0
56,Female,White,Doctorate,Prof-specialty,39,0,0,1,1
21,Female,White,Bachelors,Other-service,34,9628,0,0,1
30,Male,White,HS-grad,Craft-repair,56,0,0,0,0
19,Female,White,Masters,Sales,42,0,0,0,1
22,Male,White,Bachelors,Exec-managerial,40,0,0,1,1
61,Male,White,Some-college,Exec-managerial,43,0,0,0,0
44,Female,White,Bachelors,Exec-managerial,69,0,0,1,1
49,Male,Asian-Pac-Islander,Masters,Prof-specialty,28,0,999,1,1
38,Female,White,HS-grad,Craft-repair,31,9806,0,0,0
25,Male,Black,Masters,Exec-managerial,26,0,0,1,1
55,Male,White,Bachelors,Craft-repair,37,0,0,1,1
25,Male,White,Bachelors,Sales,42,0,0,1,0
20,Male,White,Some-college,Craft-repair,35,0,0,0,0
61,Male,White,HS-grad,Other-service,34,0,0,0,0
20,Male,White,Some-college,Craft-repair,41,7874,0,0,1
39,Male,White,Some-college,Craft-repair,34,18253,0,0,0
23,Female,White,Bachelors,Adm-clerical,43,0,0,0,0
19,Female,White,HS-grad,Other-service,51,0,0,0,0
40,Male,White,Masters,Prof-specialty,46,0,0,1,1
61,Male,White,Some-college,Craft-repair,48,0,0,0,0
19,Female,White,Some-college,Exec-managerial,50,0,0,1,1
55,Male,White,HS-grad,Adm-clerical,42,0,0,0,0
34,Male,White,Some-college,Craft-repair,38,0,0,0,0
52,Male,White,Bachelors,Adm-clerical,32,0,0,0,1
51,Female,White,Some-college,Prof-specialty,36,0,0,0,0
40,Male,White,Some-college,Adm-clerical,34,0,0,0,0
47,Male,White,Bachelors,Exec-managerial,47,0,0,1,1
25,Male,White,HS-grad,Craft-repair,43,0,0,0,0
39,Male,White,Bachelors,Exec-managerial,46,0,0,1,1
61,Male,White,HS-grad,Sales,28,0,0,0,0
53,Male,Black,Some-college,Adm-clerical,54,13968,0,1,1
22,Male,Amer-Indian-Eskimo,HS-grad,Adm-clerical,35,0,0,0,0
30,Male,White,Bachelors,Adm-clerical,28,0,0,0,0
46,Male,White,HS-grad,Other-service,35,0,0,0,0
48,Female,White,Some-college,Prof-specialty,64,0,0,0,1
64,Female,White,Masters,Other-service,36,0,0,1,1
33,Male,White,HS-grad,Exec-managerial,36,0,0,0,0
59,Male,White,Bachelors,Sales,38,0,0,0,1
47,Male,White,Some-college,Prof-specialty,38,0,0,0,0
33,Male,White,Some-college,Prof-specialty,32,0,3457,0,0
29,Female,White,HS-grad,Craft-repair,41,0,0,0,0
34,Male,White,Bachelors,Sales,50,0,0,1,1
33,Female,White,Bachelors,Adm-clerical,43,0,0,0,0
29,Female,Black,Bachelors,Other-service,28,0,0,0,0
25,Female,White,Masters,Adm-clerical,36,0,0,1,1
37,Male,White,Some-college,Craft-repair,34,0,0,0,0
20,Male,White,HS-grad,Other-service,40,0,0,0,0
33,Male,White,Some-college,Adm-clerical,53,0,0,0,0
47,Female,White,HS-grad,Exec-managerial,38,0,0,0,0
62,Female,Asian-Pac-Islander,Doctorate,Adm-clerical,39,11721,0,1,1
40,Male,White,Doctorate,Other-service,57,0,0,1,1
45,Male,White,Bachelors,Exec-managerial,48,0,0,1,1
57,Male,White,HS-grad,Craft-repair,45,0,0,0,0
22,Male,White,Masters,Craft-repair,59,0,0,1,1
37,Male,Black,Bachelors,Exec-managerial,44,0,2679,1,0
57,Male,White,HS-grad,Other-service,20,0,0,0,0
61,Male,White,HS-grad,Other-service,48,0,0,0,0
18,Female,White,Some-college,Adm-clerical,24,0,0,0,0
47,Male,White,HS-grad,Craft-repair,44,0,0,0,0
38,Male,White,Some-college,Craft-repair,22,0,0,0,0
37,Male,White,HS-grad,Exec-managerial,35,0,0,0,0
23,Female,White,Some-college,Craft-repair,36,0,0,0,0
39,Male,Asian-Pac-Islander,Masters,Adm-clerical,32,11411,0,1,1
35,Female,White,Some-college,Craft-repair,36,0,0,0,0
25,Male,Black,HS-grad,Exec-managerial,50,0,0,0,0
56,Female,White,Masters,Adm-clerical,32,0,0,1,1
49,Female,White,Masters,Sales,45,0,0,1,1
50,Male,White,HS-grad,Exec-managerial,30,0,0,0,0
33,Female,White,Bachelors,Sales,38,15408,0,0,1
29,Male,Black,Bachelors,Craft-repair,43,0,0,0,0
55,Male,White,Bachelors,Adm-clerical,30,0,0,1,1
51,Male,White,Some-college,Craft-repair,26,0,0,0,0
31,Male,Black,Bachelors,Adm-clerical,44,13280,588,1,1
53,Female,White,Bachelors,Prof-specialty,51,0,0,1,1
50,Female,Black,Doctorate,Craft-repair,39,0,0,1,1
40,Male,Black,HS-grad,Craft-repair,35,0,0,0,0
62,Male,White,HS-grad,Craft-repair,41,0,0,0,0
19,Male,White,Bachelors,Other-service,40,0,0,1,1
58,Male,White,Some-college,Exec-managerial,42,0,3154,0,1
38,Male,White,Some-college,Other-service,14,0,0,0,0
19,Female,White,Some-college,Adm-clerical,29,0,0,0,0
44,Male,White,HS-grad,Adm-clerical,31,0,0,0,0
26,Male,White,Some-college,Adm-clerical,41,0,0,0,0
18,Female,White,Bachelors,Exec-managerial,41,0,0,0,1
28,Male,White,Bachelors,Adm-clerical,46,0,0,1,1
20,Male,White,Bachelors,Other-service,42,0,0,0,1
40,Male,White,Masters,Other-service,26,0,2011,1,1
43,Male,Black,HS-grad,Craft-repair,54,0,0,0,0
21,Female,White,HS-grad,Sales,52,0,0,0,0
35,Male,White,Bachelors,Prof-specialty,27,0,0,1,1
23,Male,White,HS-grad,Adm-clerical,43,0,0,0,0
52,Male,White,Doctorate,Exec-managerial,34,0,0,1,1
39,Male,Asian-Pac-Islander,HS-grad,Exec-managerial,41,0,0,0,0
60,Female,White,Doctorate,Adm-clerical,50,0,0,1,1
32,Female,White,Bachelors,Sales,61,16225,0,1,1
39,Female,White,Some-college,Other-service,47,0,0,0,0
54,Male,White,Masters,Adm-clerical,42,0,0,1,1
59,Male,White,Bachelors,Exec-managerial,36,0,0,1,1
29,Male,White,Bachelors,Prof-specialty,41,0,0,1,1
64,Male,White,Masters,Sales,53,14205,0,1,1
59,Male,White,Some-college,Adm-clerical,39,0,0,0,0
55,Male,Black,HS-grad,Prof-specialty,31,0,0,0,0
35,Female,White,HS-grad,Adm-clerical,23,0,0,0,0
62,Male,White,Some-college,Sales,45,0,0,0,0
52,Male,White,Masters,Exec-managerial,42,0,0,1,1
47,Male,White,HS-grad,Other-service,33,0,0,0,0
41,Male,Black,HS-grad,Other-service,50,0,0,0,0
59,Male,White,Bachelors,Sales,35,0,0,1,1
47,Male,White,Masters,Craft-repair,38,0,0,1,1
31,Male,White,HS-grad,Other-service,39,0,0,0,0
23,Male,White,Some-college,Adm-clerical,36,0,0,0,0
20,Female,White,HS-grad,Prof-specialty,42,0,0,0,0
33,Male,White,HS-grad,Prof-specialty,51,0,0,0,0
24,Female,White,Masters,Other-service,28,12569,0,1,1
31,Male,White,Some-college,Sales,44,0,0,0,0
26,Male,White,Some-college,Sales,41,0,0,0,0
32,Female,White,HS-grad,Sales,41,0,0,0,0
38,Male,Black,Doctorate,Prof-specialty,48,0,0,1,1
52,Male,White,Masters,Exec-managerial,40,0,0,1,1
19,Female,White,HS-grad,Prof-specialty,44,0,0,0,0
44,Male,White,Bachelors,Exec-managerial,47,0,0,1,1
19,Male,White,HS-grad,Sales,34,0,0,0,0
52,Male,White,Bachelors,Craft-repair,42,0,0,0,1
35,Female,White,Some-college,Prof-specialty,37,0,0,0,0
31,Female,White,HS-grad,Sales,38,0,0,0,0
37,Male,White,Some-college,Prof-specialty,36,0,0,0,0
35,Male,White,HS-grad,Sales,44,0,0,0,0
27,Male,White,Masters,Prof-specialty,40,0,0,1,1
42,Male,White,HS-grad,Adm-clerical,43,0,0,0,0
19,Male,White,Bachelors,Prof-specialty,39,0,0,1,1
42,Male,White,HS-grad,Adm-clerical,23,0,0,0,0
50,Male,White,Bachelors,Exec-managerial,40,0,0,1,1
53,Male,White,Masters,Prof-specialty,40,0,0,1,1
48,Female,White,HS-grad,Exec-managerial,42,0,0,0,0
31,Male,White,Some-college,Craft-repair,34,0,0,0,0
18,Male,White,Bachelors,Other-service,28,0,0,0,0
63,Male,White,Bachelors,Other-service,46,3120,0,1,1
33,Female,White,HS-grad,Adm-clerical,37,0,0,0,0
63,Female,White,Some-college,Prof-specialty,41,0,0,0,0
20,Female,White,Doctorate,Other-service,37,0,0,1,1
52,Male,Black,HS-grad,Exec-managerial,39,0,0,0,0
58,Female,Black,HS-grad,Other-service,35,0,0,0,0
23,Male,White,Bachelors,Other-service,30,0,3310,1,1
42,Male,White,Some-college,Sales,44,0,0,0,0
30,Male,White,Masters,Other-service,33,4843,0,1,1
51,Female,White,HS-grad,Exec-managerial,41,0,0,0,0
25,Female,White,Masters,Other-service,44,0,2749,1,1
38,Female,White,Bachelors,Prof-specialty,34,0,3310,0,1
51,Female,White,Some-college,Other-service,27,0,0,0,0
21,Male,White,Bachelors,Craft-repair,64,0,0,1,1
42,Male,White,Masters,Other-service,34,0,0,1,1
32,Male,White,Bachelors,Adm-clerical,46,0,0,1,1
21,Female,White,Doctorate,Sales,59,0,0,1,1
62,Male,White,Some-college,Exec-managerial,47,0,0,1,1
29,Female,White,Masters,Other-service,36,0,0,1,1
49,Male,White,Masters,Other-service,39,0,0,1,1
49,Male,Black,Some-college,Prof-specialty,31,0,0,0,0
45,Male,Black,Bachelors,Prof-specialty,48,0,0,1,1
30,Male,White,HS-grad,Adm-clerical,45,0,0,0,0
48,Female,White,Bachelors,Sales,34,0,0,0,1
31,Male,White,Some-college,Exec-managerial,29,0,0,0,0
37,Male,White,HS-grad,Exec-managerial,26,0,0,0,0
35,Male,White,Doctorate,Exec-managerial,49,0,0,1,1
46,Male,Black,Masters,Adm-clerical,41,0,0,1,1
23,Male,White,Bachelors,Adm-clerical,42,0,0,0,0
49,Male,White,Bachelors,Other-service,31,0,0,0,1
46,Female,White,HS-grad,Sales,25,0,0,0,0
60,Male,White,HS-grad,Exec-managerial,49,18397,0,1,1
19,Male,White,Bachelors,Exec-managerial,40,0,0,1,1
40,Male,White,Bachelors,Other-service,49,0,0,1,1
36,Male,White,Some-college,Sales,36,0,0,0,0
48,Male,White,Some-college,Sales,37,0,0,0,0
22,Male,White,HS-grad,Sales,47,0,0,0,0
36,Male,White,HS-grad,Prof-specialty,47,0,0,0,0
51,Female,Black,Bachelors,Sales,47,0,0,0,1
27,Male,White,Masters,Craft-repair,37,0,0,1,1
42,Female,Other,Some-college,Adm-clerical,46,6871,0,0,1
19,Female,White,Bachelors,Sales,51,0,0,1,1
28,Male,White,Bachelors,Prof-specialty,38,0,0,1,1
48,Male,White,Some-college,Craft-repair,34,0,0,0,0
32,Male,White,Masters,Prof-specialty,53,0,0,1,1
26,Male,Black,Bachelors,Prof-specialty,33,0,2471,1,1
40,Female,Black,Masters,Other-service,46,0,0,0,1
36,Female,White,HS-grad,Prof-specialty,39,16650,0,0,0
26,Male,White,HS-grad,Prof-specialty,21,0,0,0,0
52,Male,White,Some-college,Exec-managerial,51,0,0,1,1
38,Male,White,Some-college,Adm-clerical,12,0,0,0,0
26,Male,White,HS-grad,Other-service,20,0,0,0,0
45,Female,White,Some-college,Other-service,45,0,0,0,0
63,Male,White,HS-grad,Exec-managerial,45,0,0,0,0
24,Male,White,Some-college,Craft-repair,33,0,0,0,0
33,Male,Black,HS-grad,Exec-managerial,41,0,0,0,0
33,Male,White,Some-college,Other-service,14,0,0,0,0
50,Male,White,Some-college,Craft-repair,47,8477,0,1,1
21,Male,White,Bachelors,Other-service,42,0,0,1,1
21,Male,White,Some-college,Sales,39,0,0,0,0
56,Female,White,Some-college,Craft-repair,40,0,0,0,0
57,Female,White,Some-college,Other-service,44,0,0,0,0
34,Male,Black,Bachelors,Exec-managerial,39,0,0,0,1
54,Female,White,Some-college,Other-service,21,0,0,0,0
56,Male,White,Some-college,Exec-managerial,61,0,0,1,1
46,Female,White,HS-grad,Craft-repair,52,0,0,0,0
53,Female,White,Some-college,Exec-managerial,27,0,0,0,0
55,Male,Black,Bachelors,Craft-repair,36,0,0,0,0
56,Female,White,Bachelors,Prof-specialty,37,0,0,0,1
54,Male,White,HS-grad,Adm-clerical,50,0,0,0,0
52,Male,White,Masters,Craft-repair,18,9012,0,1,1
24,Male,White,Masters,Prof-specialty,35,0,0,1,1
44,Female,White,Bachelors,Prof-specialty,22,0,0,1,0
45,Female,Black,Some-college,Prof-specialty,37,0,0,0,0
39,Male,White,Bachelors,Prof-specialty,35,0,0,1,1
31,Male,White,Bachelors,Craft-repair,40,0,0,0,1
24,Male,White,Bachelors,Exec-managerial,33,0,0,1,1
54,Female,White,Masters,Prof-specialty,32,0,0,1,1
39,Male,White,Some-college,Sales,46,0,0,0,1
22,Female,Black,Masters,Prof-specialty,44,0,0,0,1
19,Male,White,Some-college,Exec-managerial,45,0,0,1,1
44,Male,White,Bachelors,Exec-managerial,38,0,0,1,1
38,Male,White,HS-grad,Adm-clerical,34,0,0,0,0
55,Female,White,HS-grad,Adm-clerical,38,0,0,0,0
32,Male,White,HS-grad,Prof-specialty,45,0,0,0,0
38,Female,Black,Bachelors,Prof-specialty,18,0,0,0,1
27,Male,White,Masters,Other-service,43,0,0,1,1
40,Male,Black,HS-grad,Other-service,43,12502,0,0,0
56,Female,White,Some-college,Adm-clerical,40,0,0,0,0
22,Female,White,HS-grad,Prof-specialty,38,0,899,0,0
18,Female,White,Bachelors,Other-service,14,15120,0,1,1
30,Male,White,Masters,Sales,35,0,0,1,1
38,Male,White,Bachelors,Craft-repair,57,0,0,1,1
43,Male,White,Some-college,Adm-clerical,40,0,0,0,0
62,Male,White,Masters,Adm-clerical,36,0,0,1,1
38,Female,White,Bachelors,Exec-managerial,40,0,0,1,1
35,Male,Black,Some-college,Prof-specialty,43,0,0,0,0
54,Male,White,HS-grad,Adm-clerical,46,0,0,0,0
62,Male,Black,Bachelors,Adm-clerical,37,0,0,0,0
49,Male,White,Masters,Other-service,44,0,0,1,1
53,Male,White,HS-grad,Sales,56,0,0,0,0
34,Male,White,Some-college,Prof-specialty,50,0,0,1,1
52,Male,White,Some-college,Craft-repair,63,0,0,0,0
28,Male,Asian-Pac-Islander,Some-college,Sales,33,0,0,0,0
38,Female,White,HS-grad,Craft-repair,56,0,0,0,0
43,Male,Black,HS-grad,Exec-managerial,32,0,0,0,0
21,Male,Black,Some-college,Adm-clerical,43,0,0,0,0
51,Female,White,Bachelors,Other-service,47,0,0,0,1
35,Female,Black,HS-grad,Sales,34,0,0,0,0
57,Female,White,HS-grad,Craft-repair,40,19051,0,0,0
52,Female,Asian-Pac-Islander,Bachelors,Prof-specialty,49,0,0,1,1
58,Male,White,HS-grad,Exec-managerial,32,0,0,0,0
46,Female,White,Some-college,Exec-managerial,56,0,0,0,0
46,Male,Black,Some-college,Adm-clerical,26,0,0,0,0
55,Male,White,Bachelors,Adm-clerical,59,0,2564,1,1
59,Female,White,Bachelors,Craft-repair,50,0,0,0,1
38,Male,White,HS-grad,Craft-repair,39,0,0,0,0
59,Female,White,Some-college,Exec-managerial,35,0,0,0,0
30,Female,White,Bachelors,Craft-repair,34,0,0,0,1
58,Male,White,Doctorate,Adm-clerical,38,0,0,1,1
34,Female,White,Bachelors,Exec-managerial,39,10145,0,1,1
26,Male,White,Masters,Exec-managerial,52,0,0,1,1
58,Male,White,HS-grad,Prof-specialty,59,18291,0,1,1
18,Female,White,Some-college,Prof-specialty,41,0,0,0,0
19,Male,White,Bachelors,Craft-repair,31,0,363,0,1
46,Female,White,Masters,Craft-repair,34,0,0,0,1
50,Male,Black,Bachelors,Adm-clerical,38,0,0,0,0
27,Male,White,Doctorate,Adm-clerical,29,0,0,1,1
57,Female,White,Some-college,Prof-specialty,28,0,0,0,0
38,Male,Black,Bachelors,Exec-managerial,60,0,0,1,1
45,Male,White,Some-college,Sales,43,0,0,0,0
28,Male,White,Masters,Other-service,31,0,0,1,1
51,Female,White,Bachelors,Other-service,48,0,0,1,1
25,Male,Black,HS-grad,Sales,28,0,0,0,0
39,Female,White,Bachelors,Craft-repair,29,0,0,0,1
25,Male,White,Doctorate,Other-service,31,0,0,1,1
32,Male,White,Some-college,Other-service,56,0,0,0,0
34,Female,White,Bachelors,Sales,37,0,0,0,1
40,Male,White,HS-grad,Sales,15,0,0,0,0
41,Male,White,Some-college,Prof-specialty,52,0,0,1,1
62,Female,White,Some-college,Exec-managerial,36,0,0,0,0
36,Female,White,HS-grad,Adm-clerical,21,0,0,0,0
22,Male,White,Some-college,Prof-specialty,36,12218,0,1,1
49,Male,White,HS-grad,Other-service,45,0,0,0,0
61,Female,White,HS-grad,Adm-clerical,44,0,0,0,0
18,Female,Amer-Indian-Eskimo,Some-college,Prof-specialty,57,0,3229,0,0
40,Female,White,HS-grad,Prof-specialty,31,0,0,0,0
54,Male,White,HS-grad,Sales,40,0,0,0,0
25,Female,Black,HS-grad,Adm-clerical,33,0,0,0,0
30,Male,White,Some-college,Prof-specialty,24,0,0,0,0
25,Male,White,Some-college,Sales,48,0,0,0,0
40,Male,White,HS-grad,Craft-repair,44,0,0,0,0
60,Male,White,HS-grad,Adm-clerical,42,4690,0,0,0
18,Male,Black,HS-grad,Prof-specialty,44,0,0,0,0
62,Male,White,Masters,Other-service,33,0,0,1,1
41,Male,White,Bachelors,Craft-repair,29,0,0,1,1
52,Female,White,Some-college,Sales,40,0,0,0,0
41,Male,White,HS-grad,Prof-specialty,51,0,0,0,0
34,Male,White,HS-grad,Other-service,56,0,0,0,0
22,Male,White,Bachelors,Sales,47,0,0,1,1
37,Male,White,Bachelors,Sales,40,1478,0,0,1
38,Male,White,Some-college,Other-service,42,0,0,0,0
57,Male,Black,HS-grad,Sales,40,0,0,0,0
48,Female,White,Bachelors,Adm-clerical,29,0,0,0,1
63,Female,White,HS-grad,Craft-repair,40,0,0,0,0
53,Female,White,HS-grad,Craft-repair,26,0,2607,0,0
28,Male,White,Bachelors,Exec-managerial,38,17213,0,1,1
32,Male,White,HS-grad,Prof-specialty,56,0,0,0,0
36,Male,White,HS-grad,Sales,48,0,0,0,0
24,Female,White,Masters,Prof-specialty,30,0,0,1,1
45,Male,White,HS-grad,Craft-repair,39,0,0,0,0
60,Male,Other,HS-grad,Craft-repair,31,0,0,0,0
22,Male,White,Some-college,Sales,39,0,0,0,0
22,Male,White,HS-grad,Adm-clerical,50,0,0,0,0
47,Female,White,HS-grad,Other-service,46,0,0,0,0
49,Female,White,Bachelors,Sales,64,0,0,0,1
25,Female,White,HS-grad,Sales,51,0,0,0,0
27,Male,Black,Some-college,Exec-managerial,42,0,0,0,0
55,Female,White,Bachelors,Other-service,46,0,2338,0,1
64,Male,White,Doctorate,Adm-clerical,37,0,0,1,1
49,Female,White,Bachelors,Prof-specialty,28,0,0,0,1
45,Male,Asian-Pac-Islander,HS-grad,Other-service,53,0,0,0,0
34,Male,White,Some-college,Adm-clerical,50,0,0,0,0
48,Female,White,HS-grad,Sales,37,0,0,0,0
25,Male,White,Masters,Sales,42,0,0,1,1
57,Female,White,Bachelors,Sales,52,0,0,0,1
42,Female,White,Doctorate,Sales,48,0,0,1,1
26,Male,White,Bachelors,Sales,25,0,0,1,0
19,Male,White,Some-college,Other-service,42,0,0,0,0
32,Male,White,Bachelors,Other-service,38,0,0,1,1
20,Female,Amer-Indian-Eskimo,Some-college,Other-service,51,0,0,0,0
53,Male,White,HS-grad,Adm-clerical,50,0,0,0,0
21,Male,Black,Doctorate,Sales,53,0,0,1,1
31,Male,White,HS-grad,Craft-repair,28,0,0,0,0
58,Male,White,Some-college,Other-service,32,0,0,0,0
58,Female,White,Bachelors,Craft-repair,51,0,0,0,1
42,Male,White,Bachelors,Exec-managerial,34,0,0,1,1
27,Male,White,HS-grad,Prof-specialty,24,0,0,0,0
38,Female,White,Bachelors,Other-service,45,0,0,1,1
53,Male,White,Bachelors,Craft-repair,34,0,0,0,0
29,Male,White,Some-college,Exec-managerial,57,0,0,0,1
44,Male,White,Some-college,Adm-clerical,42,0,0,0,0
57,Male,White,HS-grad,Prof-specialty,41,0,0,0,0
19,Male,White,Some-college,Sales,36,0,0,0,0
30,Female,White,HS-grad,Other-service,55,0,0,0,0
49,Female,White,HS-grad,Other-service,43,0,0,0,0
48,Female,Black,Doctorate,Sales,35,0,0,1,1
33,Female,Black,Masters,Adm-clerical,32,0,0,0,1
49,Male,White,Some-college,Prof-specialty,39,0,0,0,0
49,Male,White,HS-grad,Other-service,30,0,424,0,0
51,Male,White,Masters,Craft-repair,50,14460,0,1,1
28,Female,White,Bachelors,Prof-specialty,21,0,0,0,1
27,Female,White,Bachelors,Exec-managerial,38,12957,0,1,1
32,Male,White,Bachelors,Other-service,46,0,0,1,1
34,Male,White,Some-college,Adm-clerical,43,0,0,0,0
57,Male,White,Some-college,Craft-repair,32,0,0,0,0
35,Male,White,Some-college,Prof-specialty,46,0,0,0,1
26,Female,White,HS-grad,Prof-specialty,31,0,0,0,0
42,Male,White,HS-grad,Craft-repair,39,0,0,0,0
57,Female,White,Bachelors,Exec-managerial,46,0,0,1,1
31,Male,White,HS-grad,Exec-managerial,44,0,0,0,0
42,Female,White,HS-grad,Prof-specialty,33,17066,0,0,1
39,Female,White,Some-college,Sales,51,4958,0,0,0
47,Female,White,HS-grad,Craft-repair,40,16566,0,0,0
37,Male,White,Bachelors,Other-service,47,0,0,1,1
38,Male,White,Bachelors,Exec-managerial,55,0,0,1,1
61,Male,White,Bachelors,Other-service,51,0,0,1,1
49,Male,White,HS-grad,Exec-managerial,51,0,0,0,0
63,Male,Black,Some-college,Exec-managerial,41,0,0,0,0
38,Female,White,Masters,Adm-clerical,47,0,0,1,1
52,Male,Amer-Indian-Eskimo,Some-college,Other-service,42,0,0,0,0
49,Male,White,HS-grad,Sales,27,0,0,0,0
47,Male,Black,HS-grad,Exec-managerial,43,0,0,0,0
56,Female,White,Bachelors,Sales,42,0,0,0,0
29,Female,White,Some-college,Prof-specialty,45,0,0,0,0
58,Male,White,Some-college,Prof-specialty,38,0,0,0,0
64,Male,White,Bachelors,Adm-clerical,32,0,0,1,1
35,Female,White,HS-grad,Sales,46,0,0,0,0
38,Female,White,HS-grad,Craft-repair,26,0,0,0,0
30,Male,Black,Masters,Adm-clerical,54,0,0,1,1
38,Female,White,Some-college,Exec-managerial,37,0,0,0,0
25,Female,White,Masters,Prof-specialty,42,0,0,1,1
63,Male,White,HS-grad,Prof-specialty,45,0,0,0,0
57,Male,White,Bachelors,Craft-repair,45,0,0,1,1
63,Male,White,Bachelors,Adm-clerical,25,0,0,1,1
24,Male,White,Bachelors,Sales,48,0,0,1,1
40,Male,White,Bachelors,Prof-specialty,43,0,0,1,1
61,Male,Black,Doctorate,Exec-managerial,33,0,0,1,1
49,Male,White,Doctorate,Craft-repair,32,0,0,1,1
28,Male,White,Bachelors,Craft-repair,36,0,0,0,1
39,Male,White,Some-college,Other-service,27,0,0,0,0
39,Male,White,Bachelors,Craft-repair,57,0,0,1,1
60,Male,White,HS-grad,Exec-managerial,54,0,0,0,1
42,Male,White,Bachelors,Craft-repair,44,0,0,0,1
39,Male,White,HS-grad,Sales,37,0,0,0,0
45,Male,White,HS-grad,Other-service,38,0,0,0,0
46,Female,White,HS-grad,Sales,47,4701,1234,0,0
30,Male,White,HS-grad,Adm-clerical,57,0,0,0,0
35,Female,White,Some-college,Adm-clerical,34,0,0,0,0
19,Male,White,Bachelors,Sales,28,0,3695,1,1
46,Male,White,Bachelors,Exec-managerial,55,0,0,1,1
38,Male,White,Bachelors,Other-service,22,0,0,0,0
32,Male,White,Masters,Adm-clerical,29,0,0,1,1
44,Female,Black,Bachelors,Craft-repair,37,0,0,0,0
48,Female,White,Some-college,Sales,24,0,0,0,0
32,Female,Black,HS-grad,Prof-specialty,51,0,0,0,0
40,Male,White,HS-grad,Exec-managerial,48,0,0,0,0
41,Male,White,Masters,Exec-managerial,34,0,0,1,1
61,Male,Asian-Pac-Islander,Bachelors,Sales,52,0,0,1,1
30,Male,White,Bachelors,Prof-specialty,54,0,0,1,1
39,Male,White,HS-grad,Exec-managerial,38,0,0,0,0
60,Female,White,Masters,Other-service,35,0,0,1,1
54,Female,Black,Bachelors,Adm-clerical,62,0,0,0,1
50,Male,White,Bachelors,Other-service,47,0,0,1,1
20,Male,White,Some-college,Prof-specialty,42,17578,0,1,1
36,Male,White,Bachelors,Other-service,53,0,0,1,1
40,Female,Amer-Indian-Eskimo,Some-college,Craft-repair,43,0,0,0,0
46,Male,White,Some-college,Adm-clerical,34,0,0,0,0
47,Female,White,HS-grad,Prof-specialty,40,0,0,0,0
56,Female,White,Bachelors,Sales,50,0,0,1,1
61,Male,White,Bachelors,Exec-managerial,20,0,0,1,1
64,Male,White,Masters,Adm-clerical,37,0,0,1,1
42,Male,White,Masters,Sales,53,0,0,1,1
54,Female,White,Some-college,Prof-specialty,34,0,0,0,0
64,Male,White,Some-college,Craft-repair,55,0,0,0,0
25,Female,White,Masters,Exec-managerial,54,0,0,1,1
59,Male,White,Bachelors,Exec-managerial,39,0,0,1,1
33,Female,White,Bachelors,Adm-clerical,34,0,0,0,0
25,Male,White,Some-college,Sales,37,0,0,0,0
18,Male,White,Bachelors,Prof-specialty,66,0,0,1,1
61,Female,Black,Bachelors,Prof-specialty,58,0,0,0,1
22,Female,White,Doctorate,Sales,41,0,0,1,1
20,Female,White,HS-grad,Exec-managerial,33,14029,0,0,0
18,Male,White,Some-college,Sales,41,0,0,0,0
21,Female,White,Masters,Other-service,42,0,0,1,1
57,Female,Black,Bachelors,Prof-specialty,27,2585,0,0,1
52,Male,Black,Some-college,Sales,40,0,0,0,0
49,Female,White,HS-grad,Exec-managerial,53,0,0,0,0
59,Male,White,HS-grad,Adm-clerical,22,0,0,0,0
51,Female,White,HS-grad,Other-service,48,0,0,0,0
60,Male,White,Bachelors,Exec-managerial,53,0,0,1,1
42,Female,White,HS-grad,Craft-repair,34,0,0,0,0
27,Male,White,Bachelors,Craft-repair,56,0,0,1,1
38,Male,White,HS-grad,Sales,33,0,0,0,0
63,Male,White,HS-grad,Exec-managerial,44,0,0,0,0
56,Male,White,Some-college,Exec-managerial,36,0,0,1,1
44,Male,White,Some-college,Prof-specialty,36,12971,3918,1,1
44,Male,White,Bachelors,Adm-clerical,33,0,0,0,1
19,Female,White,HS-grad,Other-service,46,10787,0,0,0
58,Female,White,HS-grad,Exec-managerial,48,0,0,0,0
30,Female,White,Bachelors,Other-service,39,0,3974,0,0
26,Female,White,Some-college,Sales,26,0,0,0,0
53,Male,White,Doctorate,Prof-specialty,44,0,0,1,1
39,Male,White,Bachelors,Other-service,44,0,0,0,1
59,Male,Black,HS-grad,Other-service,37,0,0,0,0
43,Male,White,Bachelors,Other-service,58,0,0,0,1
29,Female,White,Masters,Other-service,24,0,0,1,1
34,Male,White,Bachelors,Other-service,17,0,0,0,1
31,Female,Black,Some-college,Prof-specialty,32,0,0,0,0
31,Male,White,Some-college,Sales,47,0,0,0,0
51,Female,White,HS-grad,Other-service,29,0,0,0,0
37,Male,White,Masters,Other-service,30,0,0,1,1
28,Male,White,Some-college,Sales,49,18671,0,1,1
33,Female,White,Masters,Exec-managerial,44,0,0,1,1
48,Male,White,Bachelors,Exec-managerial,43,0,0,1,1
23,Female,White,HS-grad,Prof-specialty,47,0,0,0,0
36,Male,White,Some-college,Prof-specialty,35,0,0,0,0
54,Male,White,Masters,Adm-clerical,36,0,0,1,1
21,Female,Black,Masters,Prof-specialty,48,0,0,1,1
64,Male,White,Some-college,Sales,26,0,0,0,0
21,Female,White,Some-college,Other-service,18,0,0,0,0
37,Male,White,Some-college,Sales,35,0,0,0,0
27,Male,Black,Bachelors,Adm-clerical,49,0,0,1,1
41,Male,White,HS-grad,Craft-repair,42,0,0,0,0
52,Male,White,Doctorate,Craft-repair,48,0,0,1,1
43,Male,White,Some-college,Sales,19,0,0,0,0
54,Male,White,Masters,Craft-repair,43,0,0,1,1
55,Male,White,Bachelors,Craft-repair,46,0,0,1,1
38,Female,White,Some-college,Adm-clerical,26,0,0,0,0
57,Female,White,Doctorate,Other-service,48,0,0,1,1
56,Male,White,Bachelors,Prof-specialty,38,0,0,1,1
38,Male,White,HS-grad,Prof-specialty,70,0,0,0,0
27,Male,White,Bachelors,Craft-repair,18,0,0,1,1
55,Male,Black,HS-grad,Exec-managerial,53,0,0,0,0
63,Male,Black,Bachelors,Adm-clerical,36,0,0,0,0
21,Male,White,HS-grad,Other-service,23,0,0,0,0
62,Female,Asian-Pac-Islander,HS-grad,Other-service,34,0,0,0,0
37,Female,White,Masters,Craft-repair,42,0,0,1,1
34,Male,White,Masters,Exec-managerial,50,0,3839,1,1
24,Male,Black,Some-college,Exec-managerial,57,0,0,0,0
21,Female,White,Bachelors,Other-service,54,0,0,0,1
46,Male,White,Bachelors,Adm-clerical,30,0,0,0,1
31,Female,White,Some-college,Prof-specialty,51,0,0,1,0
20,Female,White,Bachelors,Other-service,43,0,0,0,0
41,Male,White,Some-college,Other-service,33,0,0,0,0
54,Male,White,Some-college,Sales,37,0,0,0,0
33,Female,Black,HS-grad,Exec-managerial,32,0,0,0,0
21,Female,White,Some-college,Sales,40,0,0,0,0
41,Male,White,Bachelors,Sales,32,0,0,1,1
51,Female,Black,HS-grad,Adm-clerical,29,0,0,0,0
47,Male,White,Masters,Other-service,44,6993,0,1,1
35,Male,White,HS-grad,Prof-specialty,46,0,0,0,0
36,Female,White,Some-college,Adm-clerical,38,0,0,0,0
48,Female,White,Bachelors,Exec-managerial,53,0,0,1,1
36,Male,White,HS-grad,Prof-specialty,37,7131,0,0,1
63,Female,White,Masters,Other-service,36,0,0,1,1
36,Male,White,Masters,Craft-repair,46,0,0,1,1
39,Male,White,HS-grad,Prof-specialty,38,0,0,0,0
41,Male,White,HS-grad,Adm-clerical,40,0,0,0,0
62,Male,White,Some-college,Adm-clerical,14,0,0,0,0
29,Male,White,Bachelors,Sales,40,0,0,1,1
47,Male,White,Some-college,Other-service,21,16997,0,0,0
55,Female,White,Masters,Craft-repair,27,0,0,1,1
48,Female,Asian-Pac-Islander,Some-college,Other-service,26,0,0,0,0
53,Male,White,Doctorate,Prof-specialty,29,0,0,1,1
36,Male,Black,Bachelors,Craft-repair,34,0,0,0,0
62,Male,White,Masters,Other-service,35,0,0,1,1
53,Female,Black,Some-college,Sales,46,0,0,0,0
47,Male,White,HS-grad,Craft-repair,42,0,0,0,0
50,Male,White,Some-college,Craft-repair,20,3723,0,0,0
35,Male,White,HS-grad,Prof-specialty,40,0,0,0,0
45,Male,White,Bachelors,Craft-repair,43,0,0,0,1
64,Male,White,HS-grad,Sales,36,0,0,0,0
28,Female,White,Some-college,Exec-managerial,39,0,0,0,0
62,Female,White,HS-grad,Exec-managerial,41,0,0,0,0
50,Male,White,Some-college,Adm-clerical,47,15889,0,1,1
34,Male,White,Some-college,Exec-managerial,24,0,0,0,0
23,Male,White,HS-grad,Prof-specialty,37,0,0,0,0
21,Female,White,Bachelors,Adm-clerical,55,0,0,1,1
37,Male,White,Doctorate,Exec-managerial,54,0,0,1,1
64,Male,White,HS-grad,Exec-managerial,48,0,0,0,1
44,Male,White,Some-college,Adm-clerical,45,0,0,0,0
32,Male,White,HS-grad,Prof-specialty,56,0,0,0,0
23,Male,White,HS-grad,Adm-clerical,59,0,0,0,0
64,Male,White,Some-college,Prof-specialty,38,0,0,0,0
31,Male,White,HS-grad,Prof-specialty,30,0,0,0,0
28,Male,White,HS-grad,Other-service,37,0,3113,0,0
56,Male,Asian-Pac-Islander,HS-grad,Sales,70,0,0,0,0
26,Male,White,HS-grad,Exec-managerial,24,0,0,0,0
43,Male,White,HS-grad,Other-service,35,0,0,0,0
33,Male,White,Some-college,Exec-managerial,25,0,0,0,1
22,Male,White,HS-grad,Other-service,41,0,0,0,0
27,Female,White,HS-grad,Craft-repair,27,0,0,0,0
20,Male,White,Masters,Adm-clerical,38,0,0,1,1
30,Male,Black,HS-grad,Other-service,20,0,0,0,0
60,Male,Black,HS-grad,Sales,46,0,0,0,0
47,Male,White,Some-college,Exec-managerial,52,6848,0,1,1
62,Male,White,Doctorate,Craft-repair,36,0,0,1,1
23,Female,White,Masters,Sales,38,0,0,1,1
34,Male,White,Masters,Prof-specialty,38,0,0,1,1
62,Male,Black,Bachelors,Exec-managerial,41,0,0,0,1
36,Female,White,Masters,Other-service,39,0,0,0,1
59,Female,White,HS-grad,Adm-clerical,47,0,0,0,0
52,Female,White,HS-grad,Sales,52,0,0,0,0
63,Female,White,HS-grad,Craft-repair,31,0,0,0,0
43,Female,Black,Bachelors,Adm-clerical,36,0,0,0,0
22,Male,White,Bachelors,Prof-specialty,49,0,0,1,1
46,Male,White,Some-college,Adm-clerical,25,0,0,0,0
54,Male,White,HS-grad,Craft-repair,20,0,0,0,0
37,Female,White,HS-grad,Prof-specialty,42,0,0,0,0
38,Female,White,Bachelors,Craft-repair,44,0,0,0,0
27,Male,White,Bachelors,Exec-managerial,32,0,0,1,1
22,Male,White,Doctorate,Craft-repair,34,0,0,1,1
53,Female,Black,HS-grad,Adm-clerical,32,0,0,0,0
23,Female,White,HS-grad,Exec-managerial,31,0,0,0,0
43,Male,White,Bachelors,Exec-managerial,46,0,0,1,1
21,Female,White,Doctorate,Sales,28,0,0,1,1
56,Male,White,Bachelors,Adm-clerical,37,0,0,1,1
56,Male,White,Bachelors,Adm-clerical,30,0,1678,0,1
52,Male,Black,HS-grad,Prof-specialty,25,0,0,0,0
18,Male,White,HS-grad,Craft-repair,48,0,0,0,0
41,Male,White,Bachelors,Other-service,34,0,0,1,0
53,Female,White,Masters,Craft-repair,41,0,0,1,1
23,Female,White,Masters,Adm-clerical,24,0,0,1,1
58,Female,Black,Some-college,Craft-repair,32,0,0,0,0
63,Male,White,HS-grad,Adm-clerical,47,0,0,0,0
61,Male,Black,Bachelors,Exec-managerial,65,0,0,1,1
48,Male,Black,HS-grad,Craft-repair,20,0,0,0,0
37,Male,White,Some-college,Craft-repair,37,0,0,0,0
41,Male,White,Masters,Adm-clerical,44,0,0,1,1
42,Male,Black,Doctorate,Adm-clerical,33,0,0,1,1
53,Male,White,Bachelors,Prof-specialty,48,0,0,1,1
38,Female,White,HS-grad,Craft-repair,31,0,0,0,0
47,Male,White,Bachelors,Sales,41,0,0,1,1
41,Female,White,Masters,Adm-clerical,34,0,0,1,1
61,Male,White,Some-college,Sales,52,0,0,0,0
59,Female,White,Some-college,Exec-managerial,33,0,0,0,0
47,Male,White,HS-grad,Exec-managerial,36,0,0,0,0
39,Male,Black,HS-grad,Sales,49,0,0,0,0
45,Male,White,Some-college,Other-service,29,0,0,0,0
24,Female,White,Masters,Exec-managerial,40,0,0,1,1
52,Male,White,Bachelors,Sales,21,0,0,1,1
45,Male,White,HS-grad,Prof-specialty,29,14187,0,0,0
31,Female,White,Bachelors,Prof-specialty,43,0,0,0,1
27,Male,White,HS-grad,Exec-managerial,30,0,838,0,0
33,Male,White,HS-grad,Sales,34,0,0,0,0
33,Male,White,Masters,Sales,44,0,0,1,1
48,Male,White,HS-grad,Sales,34,0,0,0,0
59,Male,Asian-Pac-Islander,Bachelors,Other-service,48,4378,0,1,1
42,Male,White,HS-grad,Exec-managerial,42,0,0,0,0
30,Male,Black,Some-college,Other-service,44,0,0,0,0
23,Male,Black,Masters,Sales,52,0,0,1,1
61,Female,White,HS-grad,Adm-clerical,43,0,0,0,0
26,Male,White,Some-college,Sales,55,0,2470,0,0
62,Male,White,Some-college,Adm-clerical,49,0,0,0,0
53,Male,Black,Bachelors,Prof-specialty,34,0,0,1,1
60,Male,White,Bachelors,Adm-clerical,52,0,0,1,1
37,Male,White,Doctorate,Prof-specialty,42,0,0,1,1
35,Male,White,Some-college,Exec-managerial,36,0,0,0,0
60,Male,White,Some-college,Other-service,42,0,0,0,0
38,Female,White,Some-college,Other-service,51,0,0,0,0
21,Male,White,Masters,Prof-specialty,44,0,0,1,1
50,Male,White,HS-grad,Prof-specialty,58,0,0,0,0
44,Male,White,Bachelors,Sales,50,12768,0,1,1
24,Male,White,Bachelors,Craft-repair,45,0,0,1,1
23,Female,White,HS-grad,Prof-specialty,29,0,0,0,0
32,Male,White,Masters,Adm-clerical,38,0,0,1,1
35,Male,White,Masters,Exec-managerial,40,0,0,1,1
49,Female,White,Doctorate,Other-service,46,0,0,1,1
28,Male,Amer-Indian-Eskimo,HS-grad,Adm-clerical,46,0,0,0,0
37,Male,White,Masters,Other-service,41,0,3547,1,1
41,Male,White,Bachelors,Exec-managerial,41,0,0,1,1
32,Male,White,HS-grad,Adm-clerical,47,0,0,0,0
24,Male,White,Some-college,Other-service,31,0,0,0,0
38,Male,White,Masters,Prof-specialty,56,0,0,1,1
59,Male,White,Some-college,Craft-repair,19,0,0,0,0
43,Male,White,HS-grad,Prof-specialty,54,18770,0,1,1
61,Male,White,HS-grad,Other-service,39,0,0,0,0
31,Female,White,HS-grad,Sales,50,0,0,0,0
54,Male,White,HS-grad,Adm-clerical,43,0,0,0,0
38,Female,White,Some-college,Craft-repair,43,0,0,0,0
35,Male,White,Masters,Adm-clerical,45,0,0,1,1
22,Female,White,Some-college,Sales,48,0,0,0,0
20,Male,Black,Bachelors,Sales,36,0,0,0,0
40,Male,White,Some-college,Sales,50,0,0,0,0
43,Female,White,Bachelors,Other-service,29,0,0,0,1
54,Female,White,Some-college,Prof-specialty,39,0,0,0,0
41,Male,White,HS-grad,Other-service,48,0,0,0,0
36,Male,White,HS-grad,Prof-specialty,49,0,0,0,1
42,Male,White,HS-grad,Craft-repair,44,0,0,0,0
38,Female,White,Some-college,Sales,36,0,0,0,0
29,Male,White,Bachelors,Prof-specialty,48,0,0,1,1
58,Male,White,HS-grad,Exec-managerial,33,0,0,0,0
50,Female,White,Some-college,Exec-managerial,57,0,0,0,1
21,Female,White,HS-grad,Prof-specialty,39,15284,0,0,0
59,Male,White,Bachelors,Craft-repair,24,0,0,1,1
24,Male,White,HS-grad,Adm-clerical,28,0,0,0,0
39,Female,Black,HS-grad,Other-service,40,0,1697,0,0
50,Male,White,Some-college,Sales,41,0,0,0,0
34,Female,White,Some-college,Prof-specialty,59,0,0,0,0
41,Male,White,HS-grad,Craft-repair,29,13859,0,0,0
51,Male,White,Some-college,Other-service,40,0,0,0,0
45,Male,White,HS-grad,Adm-clerical,29,0,0,0,0
60,Male,Black,Bachelors,Craft-repair,35,0,0,0,0
58,Female,White,HS-grad,Adm-clerical,56,14096,0,0,0
56,Male,White,HS-grad,Exec-managerial,28,15202,0,0,1
39,Female,White,Bachelors,Other-service,45,2023,3267,0,1
34,Male,White,Some-college,Other-service,43,0,0,0,0
51,Male,White,Some-college,Adm-clerical,39,0,0,0,0
23,Male,White,HS-grad,Exec-managerial,45,0,0,1,0
63,Male,White,Masters,Sales,28,0,0,1,1
23,Male,White,Doctorate,Prof-specialty,56,0,0,1,1
51,Female,White,Some-college,Exec-managerial,59,0,0,0,1
18,Female,Asian-Pac-Islander,Some-college,Craft-repair,40,0,0,0,0
27,Male,White,HS-grad,Adm-clerical,64,0,0,0,0
38,Male,White,Some-college,Other-service,36,4983,0,0,0
22,Male,White,Masters,Craft-repair,44,0,0,1,1
19,Female,White,Masters,Other-service,54,0,0,1,1
39,Female,Black,Bachelors,Exec-managerial,35,0,0,0,1
19,Female,Black,Bachelors,Other-service,26,0,0,0,0
27,Male,White,HS-grad,Other-service,23,0,0,0,0
51,Male,White,HS-grad,Other-service,60,0,0,0,0
33,Male,White,Bachelors,Other-service,34,0,0,1,0
56,Male,White,Doctorate,Craft-repair,38,0,0,1,1
39,Female,White,Bachelors,Adm-clerical,28,0,0,0,0
29,Male,White,Masters,Prof-specialty,49,0,0,1,1
41,Female,White,HS-grad,Craft-repair,32,0,3291,0,0
64,Female,Black,Some-college,Sales,35,0,0,0,0
57,Female,White,HS-grad,Adm-clerical,42,0,0,0,0
55,Female,White,Bachelors,Adm-clerical,29,0,0,0,0
27,Male,Black,Masters,Sales,38,0,0,1,1
52,Female,White,Some-college,Exec-managerial,54,19624,0,1,1
49,Male,White,Some-college,Sales,44,0,0,0,0
24,Male,White,HS-grad,Exec-managerial,41,0,0,0,0
38,Female,White,HS-grad,Prof-specialty,42,0,0,0,0
37,Male,Amer-Indian-Eskimo,Some-college,Exec-managerial,36,0,0,0,0
43,Female,White,Bachelors,Prof-specialty,59,0,0,1,1
21,Female,White,Masters,Prof-specialty,31,0,0,1,1
63,Female,White,HS-grad,Other-service,42,0,0,0,0
39,Male,Black,Bachelors,Other-service,41,0,0,0,0
32,Female,Black,HS-grad,Sales,50,17984,1976,0,0
57,Male,White,HS-grad,Prof-specialty,51,0,0,0,1
38,Female,White,Masters,Exec-managerial,39,0,0,1,1
32,Male,White,Some-college,Craft-repair,42,0,0,0,0
39,Female,White,HS-grad,Other-service,43,0,0,0,0
45,Male,White,Some-college,Adm-clerical,17,0,0,0,0
31,Male,White,Bachelors,Adm-clerical,24,0,0,1,1
44,Male,White,HS-grad,Exec-managerial,33,0,0,0,0
58,Male,White,Bachelors,Other-service,34,0,0,0,1
57,Female,White,Some-college,Craft-repair,28,0,0,0,0
45,Male,Black,Some-college,Prof-specialty,47,0,0,0,0
43,Male,White,Masters,Other-service,40,0,0,1,1
19,Male,White,Some-college,Exec-managerial,37,0,0,0,0
42,Male,Other,Masters,Prof-specialty,27,0,3624,1,1
20,Male,White,Some-college,Other-service,39,0,3472,0,0
25,Female,White,Doctorate,Sales,13,0,0,1,1
61,Male,White,Some-college,Craft-repair,38,0,0,0,0
50,Male,White,HS-grad,Adm-clerical,40,0,0,0,0
59,Male,White,Bachelors,Exec-managerial,42,0,0,1,1
52,Male,White,HS-grad,Adm-clerical,24,0,0,0,0
23,Male,White,Bachelors,Prof-specialty,42,0,0,0,1
56,Male,White,Masters,Prof-specialty,29,0,0,1,1
40,Female,White,HS-grad,Sales,31,0,0,0,0
42,Male,White,Masters,Prof-specialty,47,1108,0,1,1
60,Male,White,Bachelors,Prof-specialty,60,0,0,1,1
36,Male,White,Bachelors,Adm-clerical,40,0,0,1,0
22,Male,White,HS-grad,Adm-clerical,31,0,0,0,0
28,Female,White,Some-college,Exec-managerial,41,0,0,0,0
29,Male,White,HS-grad,Exec-managerial,49,0,0,0,0
27,Female,White,HS-grad,Prof-specialty,46,0,0,0,0
25,Male,White,Doctorate,Other-service,67,0,0,1,1
41,Male,Black,Masters,Craft-repair,32,0,0,1,1
45,Male,White,HS-grad,Exec-managerial,42,0,0,0,0
58,Male,White,HS-grad,Prof-specialty,55,0,0,0,0
53,Male,White,Bachelors,Other-service,54,0,0,1,1
54,Male,White,Some-college,Other-service,20,0,0,0,0
38,Male,White,Bachelors,Adm-clerical,39,0,0,1,1
25,Male,White,HS-grad,Other-service,54,0,0,0,0
26,Male,White,Bachelors,Sales,68,0,0,1,1
64,Male,White,Bachelors,Adm-clerical,47,0,0,1,1
32,Female,Other,Some-college,Adm-clerical,36,0,0,0,0
63,Male,White,Bachelors,Sales,29,0,0,0,1
57,Female,Black,Bachelors,Adm-clerical,62,0,0,0,0
35,Male,White,HS-grad,Exec-managerial,47,0,0,0,0
59,Male,White,Bachelors,Adm-clerical,31,16327,0,1,1
37,Male,White,Bachelors,Sales,37,0,0,1,0
23,Male,White,Some-college,Prof-specialty,43,0,0,0,0
29,Male,Black,Some-college,Prof-specialty,45,0,0,0,0
19,Male,White,Some-college,Prof-specialty,31,0,0,0,0
24,Male,White,Some-college,Sales,33,0,1378,0,0
33,Male,White,Masters,Sales,23,0,0,1,1
20,Female,White,Bachelors,Exec-managerial,50,11444,0,1,1
62,Male,White,Some-college,Sales,36,0,3048,0,0
20,Male,White,Some-college,Other-service,44,0,0,0,0
44,Male,White,Some-college,Prof-specialty,54,0,0,1,1
60,Female,White,HS-grad,Sales,42,0,0,0,0
57,Male,White,Bachelors,Craft-repair,38,0,0,0,1
55,Male,White,Some-college,Adm-clerical,41,0,0,0,0
50,Female,White,Doctorate,Exec-managerial,40,0,0,1,1
45,Female,White,Some-college,Prof-specialty,52,0,0,0,0
18,Male,White,Bachelors,Other-service,43,0,0,0,1
25,Male,White,Bachelors,Other-service,34,0,0,1,1
54,Female,White,Bachelors,Prof-specialty,50,0,0,0,1
49,Female,White,Some-college,Other-service,52,0,0,0,0
60,Male,White,Bachelors,Craft-repair,26,2853,0,0,1
54,Male,White,Bachelors,Exec-managerial,55,0,0,1,1
21,Male,White,Some-college,Adm-clerical,43,0,0,0,0
47,Male,White,Bachelors,Exec-managerial,42,0,3341,1,1
23,Female,White,Some-college,Exec-managerial,50,8457,0,1,1
63,Male,White,HS-grad,Prof-specialty,34,0,0,0,0
36,Female,White,Some-college,Sales,49,0,0,0,0
49,Female,Asian-Pac-Islander,Masters,Adm-clerical,36,0,0,0,1
26,Male,White,Some-college,Exec-managerial,25,0,0,0,0
29,Male,Black,Some-college,Craft-repair,30,0,0,0,0
28,Male,White,Bachelors,Prof-specialty,45,0,0,1,1
63,Male,White,Bachelors,Sales,30,0,0,1,0
33,Male,White,HS-grad,Sales,56,0,0,0,0
18,Male,Black,Masters,Prof-specialty,51,0,0,1,1
62,Male,White,Some-college,Exec-managerial,53,0,0,1,1
38,Male,White,HS-grad,Other-service,41,0,0,0,0
47,Female,White,Masters,Prof-specialty,42,0,0,1,1
30,Male,White,Bachelors,Other-service,28,0,0,0,1
51,Male,White,Some-college,Sales,49,0,0,1,0
21,Female,White,Some-college,Sales,43,0,0,0,0
45,Male,White,HS-grad,Craft-repair,45,0,0,0,0
55,Male,White,HS-grad,Craft-repair,56,0,0,0,0
48,Male,White,Bachelors,Sales,33,0,3500,1,1
44,Female,White,Masters,Craft-repair,38,0,0,1,1
22,Male,Black,HS-grad,Craft-repair,43,0,1417,0,0
42,Male,White,Bachelors,Craft-repair,30,0,0,1,0
20,Male,Asian-Pac-Islander,HS-grad,Sales,38,0,0,0,0
50,Male,White,HS-grad,Exec-managerial,44,0,0,0,0
21,Male,White,HS-grad,Exec-managerial,36,0,0,0,0
42,Male,White,Masters,Adm-clerical,53,0,0,1,1
37,Female,White,Bachelors,Craft-repair,24,0,0,0,0
51,Female,White,Some-college,Exec-managerial,51,0,0,0,1
43,Male,White,Doctorate,Adm-clerical,46,0,0,1,1
22,Male,Black,HS-grad,Prof-specialty,34,0,1582,0,0
52,Male,White,Bachelors,Craft-repair,30,0,0,1,1
45,Female,White,Some-college,Exec-managerial,19,0,0,0,0
46,Male,White,Some-college,Exec-managerial,32,0,344,1,0
26,Male,White,Bachelors,Other-service,50,0,0,1,1
55,Female,White,HS-grad,Exec-managerial,39,0,0,0,0
23,Female,Black,Bachelors,Other-service,51,4728,0,0,0
36,Male,White,Masters,Adm-clerical,33,0,0,1,1
61,Female,White,Bachelors,Other-service,47,7480,0,1,1
28,Female,White,HS-grad,Prof-specialty,32,0,0,0,0
19,Male,White,Masters,Craft-repair,30,0,0,1,1
64,Male,White,Masters,Exec-managerial,38,0,0,1,1
61,Female,White,HS-grad,Sales,33,0,0,0,0
61,Male,White,HS-grad,Craft-repair,24,0,0,0,0
26,Male,White,Masters,Sales,38,0,0,1,1
38,Male,White,Bachelors,Adm-clerical,41,0,0,0,1
41,Female,White,Bachelors,Exec-managerial,52,0,0,1,1
51,Female,White,Some-college,Craft-repair,49,0,0,0,0
39,Male,White,Bachelors,Craft-repair,52,0,0,1,1
20,Female,White,Doctorate,Exec-managerial,47,0,0,1,1
29,Female,White,Some-college,Prof-specialty,43,0,0,0,1
45,Female,Black,HS-grad,Adm-clerical,27,0,0,0,0
47,Male,White,HS-grad,Exec-managerial,41,0,0,0,0
43,Male,White,Masters,Other-service,45,0,0,1,1
38,Female,White,Some-college,Craft-repair,54,0,0,0,0
45,Male,White,Some-college,Prof-specialty,46,0,0,1,1
43,Male,Black,Doctorate,Craft-repair,52,0,0,1,1
50,Female,White,Bachelors,Sales,29,0,0,0,0
38,Male,White,Masters,Craft-repair,36,0,0,1,1
52,Female,White,HS-grad,Adm-clerical,44,0,0,0,0
51,Male,White,HS-grad,Exec-managerial,51,16201,0,1,1
58,Male,White,Bachelors,Craft-repair,38,18577,0,1,1
64,Male,White,Bachelors,Other-service,39,0,0,1,0
35,Male,White,Some-college,Sales,46,0,0,0,1
28,Male,White,HS-grad,Sales,28,0,0,0,0
40,Female,Black,HS-grad,Exec-managerial,56,0,0,0,0
39,Male,White,HS-grad,Sales,31,0,0,0,0
34,Male,White,Some-college,Exec-managerial,20,0,0,0,0
22,Male,Black,Doctorate,Adm-clerical,40,0,0,1,1
61,Male,White,HS-grad,Exec-managerial,56,7927,0,1,1
28,Male,White,Bachelors,Prof-specialty,45,0,0,1,1
47,Male,White,HS-grad,Sales,47,0,0,0,0
32,Male,White,Some-college,Sales,40,0,0,0,0
44,Female,White,Masters,Other-service,38,0,0,0,1
52,Male,White,HS-grad,Craft-repair,24,0,0,0,0
50,Female,White,Masters,Prof-specialty,17,0,0,1,1
37,Female,Black,HS-grad,Craft-repair,41,0,0,0,0
33,Female,White,Some-college,Exec-managerial,53,0,0,0,1
51,Male,White,HS-grad,Adm-clerical,43,0,0,0,0
19,Male,White,Bachelors,Other-service,46,0,0,1,1
52,Male,White,Bachelors,Sales,55,0,0,1,1
57,Female,White,HS-grad,Adm-clerical,43,0,0,0,0
45,Male,White,Some-college,Exec-managerial,38,0,0,0,0
64,Male,White,HS-grad,Exec-managerial,31,8191,0,1,1
56,Male,Black,Some-college,Prof-specialty,60,0,0,0,0
23,Male,White,Some-college,Craft-repair,45,0,0,1,0
26,Male,White,Bachelors,Sales,30,0,0,0,1
37,Male,Asian-Pac-Islander,Bachelors,Sales,28,0,0,0,1
18,Male,White,Bachelors,Adm-clerical,52,0,0,1,1
25,Male,White,Doctorate,Prof-specialty,29,0,0,1,1
40,Male,White,Bachelors,Other-service,58,0,0,1,1
20,Male,White,HS-grad,Exec-managerial,12,0,0,0,0
21,Male,Black,HS-grad,Prof-specialty,54,0,0,0,0
42,Female,White,Doctorate,Sales,44,0,0,1,1
64,Male,White,Bachelors,Other-service,41,0,0,1,1
55,Female,White,HS-grad,Craft-repair,38,0,0,0,0
32,Male,White,HS-grad,Adm-clerical,58,0,0,0,0
38,Female,White,HS-grad,Exec-managerial,47,0,0,0,0
52,Male,White,Some-college,Exec-managerial,30,0,0,1,0
63,Male,White,Bachelors,Exec-managerial,22,0,0,1,1
31,Male,White,Some-college,Craft-repair,41,0,0,0,0
53,Female,White,Masters,Sales,39,0,3719,1,1
29,Male,White,Masters,Sales,24,0,0,1,1
34,Male,White,Masters,Prof-specialty,39,0,0,1,1
56,Male,Black,HS-grad,Other-service,34,0,0,0,0
26,Male,Black,Bachelors,Prof-specialty,40,0,0,1,1
52,Male,White,Masters,Sales,47,0,0,1,1
30,Male,Black,HS-grad,Exec-managerial,54,0,0,0,0
32,Male,White,Masters,Craft-repair,49,0,0,1,1
35,Male,White,HS-grad,Sales,32,0,0,0,0
50,Female,White,Some-college,Craft-repair,43,0,0,0,0
23,Male,White,Masters,Adm-clerical,40,0,0,1,1
44,Male,White,Bachelors,Exec-managerial,26,0,0,1,1
40,Female,White,HS-grad,Adm-clerical,43,0,0,0,0
44,Male,Amer-Indian-Eskimo,Some-college,Sales,58,0,0,0,0
51,Male,White,Some-college,Prof-specialty,40,0,0,0,0
63,Female,White,HS-grad,Sales,24,4591,0,0,0
55,Male,White,Some-college,Adm-clerical,40,0,0,0,0
31,Male,White,HS-grad,Craft-repair,27,0,0,0,0
53,Female,White,HS-grad,Other-service,48,6311,0,0,0
25,Female,White,Some-college,Other-service,45,0,0,0,0
52,Male,White,Some-college,Sales,38,0,0,0,0
36,Male,White,Masters,Prof-specialty,36,0,0,1,1
47,Male,White,Some-college,Adm-clerical,37,0,0,0,0
31,Male,White,Bachelors,Sales,40,0,0,1,1
37,Male,White,Some-college,Adm-clerical,32,0,0,0,0
42,Male,White,HS-grad,Adm-clerical,26,0,0,0,0
57,Female,White,Bachelors,Exec-managerial,51,0,0,1,1
41,Female,Black,Bachelors,Other-service,36,0,0,0,0
31,Male,White,HS-grad,Other-service,41,0,0,0,0
43,Male,Black,HS-grad,Craft-repair,42,0,0,0,0
55,Male,Other,HS-grad,Exec-managerial,43,0,0,0,0
40,Male,White,Bachelors,Other-service,28,0,0,0,0
39,Male,White,HS-grad,Adm-clerical,23,0,0,0,0
36,Female,Black,Masters,Prof-specialty,34,0,0,1,1
63,Male,Other,HS-grad,Prof-specialty,43,0,0,0,0
20,Female,White,HS-grad,Exec-managerial,32,0,0,0,0
59,Male,White,Doctorate,Prof-specialty,36,0,0,1,1
36,Male,White,Some-college,Adm-clerical,61,0,0,0,0
26,Male,White,Some-college,Sales,21,0,0,0,0
45,Male,White,HS-grad,Adm-clerical,32,0,0,0,0
37,Female,White,Doctorate,Other-service,58,0,0,1,1
62,Female,White,Bachelors,Sales,39,0,0,0,1
24,Male,White,Bachelors,Prof-specialty,32,12329,3553,1,1
31,Male,White,HS-grad,Craft-repair,51,0,0,0,0
26,Male,White,Some-college,Craft-repair,40,0,0,0,0
36,Female,White,Bachelors,Adm-clerical,36,0,0,0,0
64,Female,Black,Bachelors,Adm-clerical,41,0,0,0,0
31,Male,White,Bachelors,Prof-specialty,33,0,0,1,1
55,Male,White,Some-college,Craft-repair,29,0,0,0,0
53,Male,White,Masters,Craft-repair,38,0,0,1,1
57,Male,White,HS-grad,Adm-clerical,29,15540,0,0,0
34,Male,White,Masters,Other-service,40,0,2484,1,1
47,Male,White,HS-grad,Craft-repair,43,0,0,0,0
26,Female,White,Masters,Adm-clerical,48,0,0,1,1
50,Male,White,Bachelors,Exec-managerial,51,0,0,1,1
42,Male,White,Some-college,Craft-repair,35,0,0,0,0
31,Female,White,HS-grad,Sales,44,0,0,0,0
28,Male,Black,Masters,Prof-specialty,44,0,0,1,1
52,Male,White,Bachelors,Adm-clerical,43,0,0,1,0
58,Male,White,HS-grad,Craft-repair,35,18519,0,0,0
31,Male,White,HS-grad,Craft-repair,29,0,0,0,0
47,Male,White,HS-grad,Other-service,45,17202,0,1,0
58,Male,White,Bachelors,Adm-clerical,22,0,0,0,1
21,Female,White,Some-college,Sales,37,0,0,0,0
21,Male,White,Bachelors,Craft-repair,14,0,0,0,1
45,Female,White,Masters,Exec-managerial,26,0,0,1,1
25,Male,Black,Some-college,Prof-specialty,31,0,0,0,0
19,Female,White,Masters,Adm-clerical,50,0,0,1,1
58,Male,White,Doctorate,Craft-repair,46,0,0,1,1
63,Female,White,Masters,Other-service,34,0,0,1,1
39,Male,Black,HS-grad,Other-service,47,0,0,0,0
58,Male,Black,Some-college,Prof-specialty,48,0,0,1,0
33,Male,White,HS-grad,Adm-clerical,38,0,0,0,0
46,Female,White,Masters,Adm-clerical,26,1619,0,1,1
47,Male,White,Doctorate,Adm-clerical,37,17041,0,1,1
29,Male,White,HS-grad,Sales,39,0,0,0,0
52,Male,White,HS-grad,Exec-managerial,27,0,0,0,0
28,Female,White,HS-grad,Other-service,43,9319,0,0,0
63,Male,White,Some-college,Adm-clerical,42,0,0,0,0
38,Female,Black,Some-college,Sales,44,0,0,0,0
38,Female,Other,HS-grad,Adm-clerical,42,0,0,0,0
22,Male,White,Masters,Adm-clerical,47,0,0,1,1
37,Male,White,Some-college,Sales,38,0,0,0,0
54,Female,Black,Bachelors,Exec-managerial,42,0,0,0,1
20,Male,White,Bachelors,Prof-specialty,36,0,0,1,1
61,Male,White,Doctorate,Other-service,34,0,0,1,1
50,Female,White,Some-college,Craft-repair,53,0,0,0,0
26,Female,White,Some-college,Adm-clerical,19,0,0,0,0
26,Female,White,HS-grad,Exec-managerial,48,0,0,0,0
21,Male,White,Bachelors,Other-service,33,0,0,0,1
52,Male,White,HS-grad,Craft-repair,32,0,0,0,0
34,Male,White,Bachelors,Adm-clerical,42,0,0,0,1
51,Male,White,HS-grad,Craft-repair,25,0,0,0,0
41,Male,White,Some-college,Sales,31,0,0,0,0
49,Male,Black,Bachelors,Other-service,31,0,0,0,0
18,Male,White,Some-college,Exec-managerial,37,0,0,1,0
25,Female,White,HS-grad,Exec-managerial,31,0,2876,0,0
62,Female,White,Masters,Other-service,56,0,0,1,1
40,Female,White,Bachelors,Prof-specialty,57,0,0,1,1
64,Male,White,HS-grad,Prof-specialty,19,0,0,0,0
57,Male,White,Bachelors,Craft-repair,45,0,0,1,1
29,Female,White,Some-college,Sales,48,1861,0,0,0
29,Male,White,Some-college,Craft-repair,45,0,0,0,0
63,Male,White,HS-grad,Adm-clerical,33,0,0,0,0
64,Male,White,Bachelors,Exec-managerial,37,0,0,1,1
32,Male,White,Some-college,Craft-repair,32,0,0,0,0
58,Male,White,HS-grad,Craft-repair,35,0,0,0,0
36,Female,White,Bachelors,Other-service,27,0,0,0,0
43,Female,White,Masters,Exec-managerial,38,0,0,1,1
46,Male,White,Some-college,Exec-managerial,24,0,0,1,1
39,Male,White,Bachelors,Prof-specialty,37,0,0,1,1
57,Female,White,Bachelors,Prof-specialty,27,0,0,0,1
38,Male,White,Some-college,Exec-managerial,42,0,335,0,0
55,Male,White,Bachelors,Craft-repair,33,0,0,0,1
37,Female,White,Bachelors,Adm-clerical,42,0,0,0,0
46,Female,White,Masters,Craft-repair,50,0,0,1,1
21,Female,Amer-Indian-Eskimo,Some-college,Adm-clerical,55,0,1896,0,0
24,Male,White,HS-grad,Exec-managerial,14,0,0,0,0
45,Male,White,Some-college,Other-service,31,0,0,0,0
45,Female,White,Masters,Adm-clerical,36,0,0,0,1
21,Male,White,Bachelors,Prof-specialty,44,0,0,1,1
39,Female,White,Some-college,Other-service,23,0,0,0,0
29,Male,White,HS-grad,Exec-managerial,30,0,0,0,0
62,Female,White,HS-grad,Sales,41,0,0,0,0
20,Male,Black,Masters,Adm-clerical,40,0,0,1,1
39,Male,White,HS-grad,Adm-clerical,43,0,0,0,0
61,Male,White,Bachelors,Other-service,44,0,0,0,1
19,Female,White,Bachelors,Sales,43,0,0,0,1
41,Male,White,HS-grad,Sales,41,0,0,0,0
51,Male,White,Some-college,Exec-managerial,40,0,3328,0,1
44,Female,White,Masters,Other-service,46,0,0,1,1
58,Male,Black,Some-college,Craft-repair,17,0,0,0,0
18,Male,White,HS-grad,Sales,55,0,0,0,0
25,Male,White,HS-grad,Adm-clerical,17,0,0,0,0
40,Female,White,Bachelors,Sales,29,13118,0,0,1
55,Male,White,Bachelors,Exec-managerial,37,0,0,1,1
23,Male,White,HS-grad,Exec-managerial,46,0,0,0,1
39,Female,White,Some-college,Adm-clerical,10,0,0,0,0
42,Male,White,Some-college,Adm-clerical,39,0,0,0,0
35,Male,White,Some-college,Adm-clerical,47,0,0,0,0
34,Male,White,Bachelors,Craft-repair,49,0,0,1,1
29,Female,White,Some-college,Adm-clerical,33,0,0,0,0
23,Male,White,HS-grad,Other-service,36,0,0,0,0
43,Female,White,Bachelors,Exec-managerial,33,0,0,1,1
44,Female,White,Some-college,Exec-managerial,36,7862,0,1,1
25,Male,White,Masters,Sales,29,0,0,1,1
36,Female,White,Bachelors,Adm-clerical,31,0,0,0,0
59,Male,Amer-Indian-Eskimo,HS-grad,Craft-repair,44,0,0,0,0
18,Male,White,HS-grad,Other-service,41,0,0,0,0
46,Male,White,Doctorate,Prof-specialty,44,0,0,1,1
62,Female,White,HS-grad,Sales,42,0,3279,0,0
52,Male,Black,Some-college,Other-service,47,0,0,0,0
57,Male,White,Bachelors,Craft-repair,48,0,0,1,1
31,Male,White,HS-grad,Adm-clerical,22,0,0,0,0
52,Male,White,HS-grad,Craft-repair,31,0,0,0,0
62,Male,White,HS-grad,Prof-specialty,37,0,0,0,0
37,Male,White,HS-grad,Other-service,39,8503,0,0,0
30,Male,White,Doctorate,Craft-repair,33,0,0,1,1
55,Male,Black,Some-college,Prof-specialty,49,0,0,0,0
63,Male,Black,Some-college,Prof-specialty,59,0,0,0,0
25,Male,White,Some-college,Other-service,41,0,0,0,0
60,Female,White,Some-college,Prof-specialty,40,0,0,0,0
37,Female,White,Masters,Other-service,48,0,0,1,1
50,Male,White,Some-college,Craft-repair,21,0,0,0,0
43,Male,White,HS-grad,Adm-clerical,40,0,0,0,0
56,Female,Amer-Indian-Eskimo,HS-grad,Exec-managerial,49,0,0,0,0
38,Female,White,HS-grad,Exec-managerial,33,0,0,0,0
59,Male,White,HS-grad,Craft-repair,27,0,0,0,0
60,Male,Black,HS-grad,Adm-clerical,38,0,0,0,0
58,Male,White,Some-college,Exec-managerial,39,0,3649,0,0
26,Male,White,HS-grad,Prof-specialty,30,0,0,0,0
41,Male,White,Bachelors,Craft-repair,60,0,0,1,1
54,Female,White,HS-grad,Craft-repair,35,0,0,0,0
58,Male,White,Bachelors,Sales,28,0,0,1,0
34,Female,White,Bachelors,Sales,39,0,0,0,1
41,Female,White,Bachelors,Sales,49,0,0,0,1
38,Female,Other,HS-grad,Other-service,40,9314,0,0,0
56,Female,Other,HS-grad,Adm-clerical,44,0,0,0,0
58,Female,White,Some-college,Craft-repair,31,0,0,0,0
56,Male,White,Doctorate,Sales,54,0,0,1,1
30,Female,White,HS-grad,Craft-repair,45,0,0,0,0
28,Female,White,HS-grad,Prof-specialty,50,0,0,0,0
63,Male,White,HS-grad,Sales,43,0,0,0,0
36,Female,Asian-Pac-Islander,Some-college,Craft-repair,48,0,0,0,0
28,Female,Black,Bachelors,Adm-clerical,31,0,0,0,0
30,Female,White,Bachelors,Other-service,35,0,0,0,1
63,Male,White,Some-college,Adm-clerical,53,0,0,0,0
62,Male,White,HS-grad,Adm-clerical,55,0,0,0,0
18,Male,White,Bachelors,Sales,28,0,2999,0,0
57,Male,White,Bachelors,Adm-clerical,42,0,0,0,1
61,Male,White,Some-college,Other-service,35,0,0,0,0
36,Male,White,Some-college,Exec-managerial,33,0,0,0,0
29,Female,White,Doctorate,Other-service,42,0,0,1,1
25,Male,Black,HS-grad,Prof-specialty,51,0,0,0,0
25,Male,White,HS-grad,Other-service,44,0,0,0,0
62,Male,White,Some-college,Craft-repair,36,0,0,0,0
29,Male,White,Some-college,Exec-managerial,45,0,0,1,1
50,Male,White,Bachelors,Sales,36,0,0,0,1
62,Male,White,Some-college,Craft-repair,44,10358,0,1,1
43,Male,White,Bachelors,Other-service,53,0,0,1,1
56,Male,Black,Bachelors,Craft-repair,19,0,0,0,1
45,Male,White,Masters,Adm-clerical,47,0,0,1,1
22,Male,White,HS-grad,Craft-repair,24,19287,0,0,0
25,Male,White,Some-college,Craft-repair,52,0,0,0,0
42,Male,White,Bachelors,Other-service,33,0,0,1,1
44,Male,White,HS-grad,Prof-specialty,27,0,0,0,0
63,Female,Black,Some-college,Other-service,46,0,0,0,0
40,Female,White,Some-college,Sales,43,0,0,0,0
47,Male,White,Bachelors,Exec-managerial,30,0,0,1,1
62,Male,White,HS-grad,Adm-clerical,27,0,0,0,0
64,Female,White,Masters,Prof-specialty,38,0,0,1,1
40,Male,White,Bachelors,Exec-managerial,27,0,3216,1,1
64,Female,White,Some-college,Exec-managerial,29,0,0,0,0
37,Female,White,Some-college,Prof-specialty,41,0,2642,0,0
35,Female,White,Bachelors,Adm-clerical,30,0,0,0,0
35,Female,Black,Bachelors,Sales,44,0,0,0,0
19,Female,White,Bachelors,Prof-specialty,54,0,0,1,1
21,Male,Asian-Pac-Islander,Some-college,Prof-specialty,38,0,0,0,0
47,Female,White,Bachelors,Prof-specialty,41,0,0,1,1
50,Female,Black,HS-grad,Adm-clerical,60,0,0,0,0
53,Male,White,HS-grad,Prof-specialty,28,0,0,0,0
35,Male,White,Masters,Prof-specialty,51,0,0,1,1
54,Male,Asian-Pac-Islander,Bachelors,Craft-repair,50,0,0,1,1
36,Female,White,Bachelors,Craft-repair,48,0,0,1,1
64,Male,Black,Some-college,Craft-repair,52,0,0,0,0
45,Female,Black,Some-college,Craft-repair,42,0,0,0,0
57,Female,White,Some-college,Prof-specialty,34,6121,0,0,1
37,Female,White,Bachelors,Craft-repair,50,0,0,1,1
50,Female,White,HS-grad,Exec-managerial,51,0,0,0,0
29,Female,White,Masters,Sales,51,0,0,1,1
32,Male,White,HS-grad,Craft-repair,40,0,0,0,0
58,Female,White,Some-college,Adm-clerical,32,0,0,0,0
56,Male,White,Masters,Sales,41,0,3808,1,1
19,Male,Black,Bachelors,Other-service,49,0,0,1,1
46,Male,White,Some-college,Other-service,50,0,0,0,0
58,Male,White,Some-college,Exec-managerial,35,0,0,0,0
27,Male,Black,Bachelors,Sales,43,0,0,0,0
19,Male,White,HS-grad,Sales,26,0,0,0,0
28,Male,White,HS-grad,Exec-managerial,49,0,0,0,0
30,Female,White,HS-grad,Other-service,32,0,0,0,0
27,Male,White,Bachelors,Craft-repair,47,0,0,1,1
31,Male,White,Masters,Exec-managerial,28,0,0,1,1
35,Male,White,Some-college,Adm-clerical,50,0,0,0,0
26,Female,Amer-Indian-Eskimo,HS-grad,Exec-managerial,43,0,0,0,0
56,Female,White,Bachelors,Prof-specialty,32,0,0,1,1
45,Male,White,Masters,Other-service,46,0,0,1,1
20,Female,White,HS-grad,Prof-specialty,34,0,0,0,0
37,Male,White,Some-college,Other-service,47,0,0,0,0
23,Male,Black,HS-grad,Other-service,37,0,0,0,0
44,Male,White,Bachelors,Sales,22,0,0,0,1
19,Male,White,Bachelors,Craft-repair,30,0,0,0,1
46,Male,White,Some-college,Craft-repair,35,0,0,0,0
55,Male,Black,HS-grad,Other-service,53,0,0,0,0
20,Male,White,Some-college,Other-service,49,13072,0,1,1
33,Female,White,Bachelors,Prof-specialty,56,0,0,1,1
47,Female,White,HS-grad,Adm-clerical,56,0,0,0,0
57,Male,White,HS-grad,Exec-managerial,34,16507,0,1,1
19,Male,White,Some-college,Other-service,38,0,0,0,0
34,Male,White,Some-college,Other-service,35,0,0,0,0
58,Female,White,Bachelors,Exec-managerial,33,0,0,1,1
29,Male,White,HS-grad,Exec-managerial,21,0,0,0,0
52,Male,White,Bachelors,Adm-clerical,39,0,0,0,1
60,Male,White,HS-grad,Adm-clerical,27,0,0,0,0
18,Male,White,HS-grad,Exec-managerial,39,0,0,0,0
62,Male,White,Some-college,Other-service,61,0,0,1,0
32,Male,White,Some-college,Other-service,34,0,0,0,0
43,Female,White,HS-grad,Exec-managerial,41,0,0,0,0
54,Female,White,HS-grad,Other-service,49,0,0,0,0
38,Male,White,Some-college,Adm-clerical,42,0,0,0,0
48,Male,White,Some-college,Exec-managerial,42,0,0,0,1
42,Male,Black,Bachelors,Adm-clerical,36,0,0,0,0
40,Female,White,HS-grad,Other-service,37,5773,0,0,0
41,Female,White,HS-grad,Other-service,30,0,0,0,0
55,Male,White,Bachelors,Sales,48,14209,0,1,1
45,Male,Asian-Pac-Islander,Bachelors,Prof-specialty,22,0,0,1,1
38,Male,White,Bachelors,Prof-specialty,49,0,0,1,1
60,Male,White,Masters,Adm-clerical,25,0,0,1,1
35,Female,White,HS-grad,Exec-managerial,49,0,0,0,0
53,Female,White,Bachelors,Prof-specialty,36,0,1960,0,1
52,Male,White,Bachelors,Other-service,27,0,0,1,1
62,Male,White,Some-college,Craft-repair,45,0,0,0,0
26,Female,White,Some-college,Exec-managerial,49,0,0,0,0
55,Male,White,HS-grad,Adm-clerical,35,0,0,0,0
47,Female,Black,HS-grad,Other-service,47,0,0,0,0
61,Male,White,Some-college,Other-service,17,0,0,0,0
51,Female,White,Bachelors,Craft-repair,26,3183,0,0,0
49,Male,Black,Bachelors,Adm-clerical,52,0,0,1,1
20,Male,Black,HS-grad,Exec-managerial,37,0,2954,0,0
20,Male,Amer-Indian-Eskimo,Bachelors,Other-service,21,0,0,0,0
45,Male,Black,HS-grad,Sales,33,0,0,0,0
61,Male,Other,Some-college,Other-service,30,0,2413,0,0
32,Female,White,Masters,Sales,38,0,0,1,1
58,Female,White,HS-grad,Sales,36,0,0,0,0
40,Male,White,Some-college,Exec-managerial,41,0,0,0,1
57,Male,White,Bachelors,Exec-managerial,39,0,0,1,1
28,Female,White,Bachelors,Craft-repair,53,0,0,0,1
49,Female,Asian-Pac-Islander,Masters,Other-service,44,0,0,1,1
53,Male,White,Masters,Exec-managerial,44,2037,0,1,1
50,Female,Black,Bachelors,Exec-managerial,51,4333,0,0,1
41,Male,White,HS-grad,Craft-repair,36,0,0,0,0
56,Male,White,Masters,Craft-repair,27,0,0,1,1
51,Male,White,Masters,Other-service,52,0,0,1,1
45,Female,White,Masters,Adm-clerical,41,0,0,1,1
54,Male,White,HS-grad,Prof-specialty,41,0,0,0,0
24,Male,White,Bachelors,Other-service,33,0,0,1,1
21,Male,White,HS-grad,Prof-specialty,33,0,2809,0,0
54,Male,White,Bachelors,Adm-clerical,48,0,0,1,1
18,Male,White,Some-college,Sales,49,0,0,0,0
18,Male,White,HS-grad,Other-service,47,0,0,0,0
64,Male,White,HS-grad,Exec-managerial,47,0,0,0,0
37,Male,White,Some-college,Craft-repair,45,0,0,0,0
36,Female,White,HS-grad,Other-service,41,0,0,0,0
46,Male,White,HS-grad,Craft-repair,38,0,0,0,0
27,Female,White,Some-college,Sales,52,0,0,0,0
35,Male,White,Some-college,Craft-repair,36,9015,0,0,0
45,Male,White,Masters,Sales,43,0,0,1,1
52,Male,Black,Bachelors,Adm-clerical,31,0,0,0,0
60,Male,Black,Masters,Sales,33,0,0,1,1
64,Male,White,Some-college,Prof-specialty,37,0,0,0,0
48,Female,White,Bachelors,Other-service,31,0,0,0,0
44,Female,White,Bachelors,Sales,47,0,0,0,1
28,Male,White,Some-college,Other-service,26,0,0,0,0
55,Male,White,Bachelors,Adm-clerical,40,0,0,1,1
22,Female,Other,Some-college,Sales,41,0,0,0,0
25,Male,White,HS-grad,Adm-clerical,21,0,0,0,0
51,Male,White,HS-grad,Prof-specialty,35,3924,0,0,0
29,Female,White,Bachelors,Exec-managerial,42,0,0,0,1
55,Female,White,Some-college,Adm-clerical,44,0,0,0,0
18,Male,White,HS-grad,Exec-managerial,37,0,0,0,0
48,Male,White,HS-grad,Adm-clerical,46,0,0,0,0
21,Male,Asian-Pac-Islander,Masters,Sales,38,0,0,1,1
62,Female,White,Doctorate,Exec-managerial,40,0,0,1,1
22,Female,Black,Some-college,Adm-clerical,42,0,0,0,0
47,Male,Asian-Pac-Islander,HS-grad,Other-service,49,0,0,0,0
41,Female,White,HS-grad,Adm-clerical,33,0,0,0,0
20,Female,White,Some-college,Exec-managerial,35,0,0,0,0
28,Male,White,Masters,Other-service,33,0,0,1,1
62,Female,White,HS-grad,Adm-clerical,36,0,0,0,0
21,Female,White,Bachelors,Exec-managerial,54,0,0,1,1
43,Male,Black,Some-college,Prof-specialty,45,8840,0,1,1
44,Male,White,HS-grad,Craft-repair,28,0,0,0,0
63,Female,White,Masters,Prof-specialty,33,0,0,1,1
60,Male,White,HS-grad,Exec-managerial,43,0,0,0,0
44,Male,White,Bachelors,Sales,30,0,0,0,1
59,Female,White,Masters,Sales,32,0,0,1,1
23,Female,White,Bachelors,Craft-repair,53,0,0,0,1
32,Female,White,HS-grad,Exec-managerial,33,0,0,0,0
47,Male,White,HS-grad,Other-service,49,19910,0,1,0
59,Male,Black,HS-grad,Adm-clerical,52,0,0,0,0
54,Male,White,Doctorate,Prof-specialty,32,0,0,1,1
54,Female,Black,Some-college,Other-service,31,0,0,0,0
59,Male,White,Some-college,Prof-specialty,37,0,0,0,0
54,Male,White,Bachelors,Craft-repair,29,0,0,1,1
52,Female,White,Bachelors,Craft-repair,41,9976,0,1,1
40,Male,White,HS-grad,Craft-repair,37,0,0,0,0
23,Female,White,Some-college,Other-service,43,0,3253,0,0
21,Female,White,Some-college,Other-service,53,0,0,0,0
35,Male,White,Some-college,Craft-repair,48,0,0,1,0
26,Male,White,HS-grad,Other-service,44,0,0,0,0
46,Male,White,HS-grad,Craft-repair,20,0,0,0,0
30,Male,White,HS-grad,Other-service,44,0,0,0,0
64,Female,White,Bachelors,Craft-repair,57,0,0,0,1
34,Female,Black,Bachelors,Adm-clerical,10,0,0,0,0
62,Male,White,Some-college,Adm-clerical,46,0,0,0,0
49,Male,White,Bachelors,Prof-specialty,38,0,0,1,1
39,Male,Asian-Pac-Islander,Bachelors,Prof-specialty,31,0,0,1,1
21,Male,White,Bachelors,Craft-repair,48,0,0,1,1
22,Male,Asian-Pac-Islander,Some-college,Prof-specialty,57,0,0,1,0
54,Male,White,Masters,Other-service,47,0,0,1,1
58,Male,Black,Masters,Craft-repair,36,0,345,1,1
30,Male,White,Some-college,Adm-clerical,30,0,0,0,0
51,Female,Black,HS-grad,Sales,41,0,0,0,0
62,Male,White,Masters,Adm-clerical,48,0,2846,1,1
39,Female,White,Bachelors,Exec-managerial,36,0,0,0,1
40,Female,White,Bachelors,Adm-clerical,37,0,0,0,0
20,Female,White,Some-college,Exec-managerial,68,0,0,0,1
59,Male,White,Some-college,Prof-specialty,50,0,0,0,1
51,Female,White,HS-grad,Adm-clerical,51,0,0,0,0
49,Female,Black,HS-grad,Sales,25,0,0,0,0
62,Male,White,HS-grad,Other-service,32,0,0,0,0
38,Male,Black,Bachelors,Adm-clerical,40,0,0,0,0
63,Female,White,Bachelors,Other-service,29,0,0,0,0
61,Female,Asian-Pac-Islander,Bachelors,Adm-clerical,56,0,0,1,1
38,Female,Asian-Pac-Islander,HS-grad,Adm-clerical,54,0,0,0,0
61,Female,White,Some-college,Other-service,34,0,0,0,0
28,Male,Black,HS-grad,Other-service,57,0,0,0,0
56,Male,White,Bachelors,Craft-repair,39,0,0,0,1
21,Male,White,HS-grad,Adm-clerical,65,0,0,0,0
18,Female,White,Some-college,Adm-clerical,41,0,0,0,0
45,Male,White,Bachelors,Sales,45,0,0,1,1
41,Male,White,Bachelors,Other-service,53,0,0,1,1
52,Female,White,HS-grad,Other-service,52,0,0,0,0
30,Female,White,Doctorate,Exec-managerial,45,0,0,1,1
64,Male,White,Masters,Exec-managerial,38,0,0,1,1
51,Male,White,Some-college,Other-service,45,0,0,0,1
28,Male,White,Some-college,Sales,31,18682,0,1,0
53,Male,Asian-Pac-Islander,Some-college,Prof-specialty,41,0,1153,0,0
34,Female,White,Masters,Adm-clerical,28,0,0,0,1
52,Male,White,HS-grad,Prof-specialty,22,0,0,0,0
35,Female,White,Bachelors,Sales,40,0,0,0,0
57,Female,White,Some-college,Prof-specialty,52,0,0,0,0
39,Male,White,HS-grad,Exec-managerial,49,0,0,0,0
41,Male,White,Bachelors,Craft-repair,39,0,0,0,0
36,Male,White,Masters,Prof-specialty,57,0,0,1,1
54,Male,White,HS-grad,Craft-repair,34,0,0,0,0
56,Male,White,Masters,Prof-specialty,20,0,0,1,1
38,Female,White,Masters,Sales,18,0,0,1,1
25,Male,Black,HS-grad,Craft-repair,28,0,0,0,0
45,Female,White,Some-college,Prof-specialty,48,1179,0,0,0
22,Male,White,HS-grad,Sales,33,0,0,0,0
34,Male,White,HS-grad,Other-service,44,0,0,0,0
54,Female,White,HS-grad,Exec-managerial,56,0,0,0,0
53,Male,White,Masters,Adm-clerical,28,0,0,1,1
36,Male,White,Some-college,Sales,44,0,0,0,0
44,Male,White,HS-grad,Sales,45,0,0,0,0
51,Male,White,Masters,Exec-managerial,31,0,0,1,1
28,Female,White,Bachelors,Craft-repair,53,0,0,1,1
62,Male,White,Some-college,Prof-specialty,37,0,0,0,0
64,Male,White,HS-grad,Craft-repair,36,0,0,0,0
29,Male,White,Doctorate,Sales,61,0,0,1,1
38,Female,Amer-Indian-Eskimo,Bachelors,Other-service,45,0,0,0,0
28,Male,White,Bachelors,Prof-specialty,49,0,0,1,1
56,Male,White,HS-grad,Adm-clerical,53,0,0,0,0
45,Male,White,Some-college,Adm-clerical,33,0,0,0,0
22,Male,White,HS-grad,Prof-specialty,52,0,0,0,1
34,Male,White,Some-college,Sales,34,0,0,0,0
37,Male,White,HS-grad,Other-service,34,0,0,0,0
58,Male,White,HS-grad,Exec-managerial,37,0,0,0,0
63,Male,White,Bachelors,Other-service,33,8183,0,1,1
29,Male,White,Some-college,Craft-repair,48,0,0,0,0
23,Female,White,Bachelors,Other-service,42,0,0,0,0
34,Female,White,Some-college,Other-service,35,0,0,0,0
36,Male,White,Some-college,Craft-repair,46,0,0,0,1
43,Male,Asian-Pac-Islander,Some-college,Exec-managerial,37,0,0,1,0
61,Female,White,HS-grad,Exec-managerial,36,0,0,0,0
61,Female,White,Masters,Adm-clerical,40,0,0,0,1
49,Male,White,Some-college,Exec-managerial,44,0,0,0,0
23,Female,Black,Bachelors,Prof-specialty,43,0,0,0,0
53,Male,White,Masters,Adm-clerical,36,0,0,1,1
55,Male,White,Bachelors,Sales,48,0,0,1,1
28,Female,Asian-Pac-Islander,HS-grad,Adm-clerical,37,0,0,0,0
50,Female,Black,Bachelors,Other-service,33,0,0,0,0
41,Female,White,Bachelors,Other-service,25,0,0,0,0
40,Male,White,HS-grad,Adm-clerical,49,0,0,0,0
32,Male,White,HS-grad,Craft-repair,40,0,3546,0,0
44,Male,White,Masters,Exec-managerial,42,0,0,1,1
28,Male,Asian-Pac-Islander,Bachelors,Other-service,50,0,0,1,1
34,Male,White,HS-grad,Other-service,35,0,0,0,0
31,Male,Black,Bachelors,Prof-specialty,26,0,0,1,1
44,Male,White,Masters,Exec-managerial,40,0,0,1,1
35,Male,White,Masters,Other-service,43,0,0,1,1
45,Female,White,Masters,Craft-repair,37,0,0,1,1
64,Female,White,Doctorate,Other-service,54,0,0,1,1
64,Male,White,HS-grad,Exec-managerial,15,0,0,0,0
21,Male,White,Some-college,Prof-specialty,51,0,0,1,1
24,Male,White,HS-grad,Exec-managerial,47,0,0,1,0
62,Female,White,HS-grad,Craft-repair,44,0,0,0,0
52,Male,White,Masters,Prof-specialty,10,0,0,1,1
26,Female,White,Bachelors,Exec-managerial,52,0,0,1,1
25,Female,White,Masters,Craft-repair,29,0,0,0,1
62,Male,White,Masters,Craft-repair,34,0,0,1,1
34,Male,White,HS-grad,Adm-clerical,38,0,0,0,0
34,Female,White,Bachelors,Other-service,44,0,0,0,0
50,Male,White,Bachelors,Prof-specialty,46,0,0,1,1
49,Female,White,Some-college,Prof-specialty,48,0,0,0,0
25,Female,White,Masters,Other-service,48,0,0,1,1
36,Male,White,Bachelors,Exec-managerial,42,0,0,1,1
55,Female,White,HS-grad,Adm-clerical,44,0,0,0,0
20,Female,White,Masters,Prof-specialty,29,0,0,1,1
22,Female,White,Some-college,Craft-repair,32,0,0,0,0
30,Male,Black,Bachelors,Prof-specialty,48,0,0,1,1
64,Male,White,Bachelors,Adm-clerical,48,0,0,1,1
63,Male,White,Some-college,Other-service,47,0,0,0,0
48,Female,White,Bachelors,Sales,34,0,0,0,0
33,Female,White,Bachelors,Other-service,49,0,0,0,1
49,Male,Asian-Pac-Islander,Some-college,Craft-repair,28,0,0,0,0
39,Male,White,Masters,Prof-specialty,50,0,0,1,1
46,Male,White,HS-grad,Other-service,37,0,0,0,0
39,Female,White,Bachelors,Craft-repair,56,0,0,1,0
60,Female,White,Bachelors,Exec-managerial,24,0,0,1,1
20,Female,White,Bachelors,Craft-repair,57,0,0,0,1
27,Female,White,Some-college,Prof-specialty,36,0,0,0,0
59,Female,White,HS-grad,Exec-managerial,36,0,0,0,0
38,Female,White,Doctorate,Exec-managerial,41,0,0,1,1
33,Male,White,Some-college,Exec-managerial,33,0,0,0,0
29,Male,White,HS-grad,Sales,39,0,0,0,0
19,Female,White,Bachelors,Sales,32,0,0,0,0
58,Male,Other,HS-grad,Exec-managerial,32,0,0,0,0
41,Male,White,Some-college,Other-service,44,0,0,0,0
52,Male,White,Some-college,Other-service,30,19665,0,0,0
47,Male,White,Bachelors,Other-service,32,0,0,1,1
47,Male,White,Masters,Prof-specialty,26,0,0,1,1
64,Male,White,Masters,Exec-managerial,34,0,0,1,1
52,Male,White,Some-college,Other-service,53,0,1798,0,0
36,Male,White,Bachelors,Exec-managerial,31,0,0,1,1
25,Male,White,HS-grad,Craft-repair,32,0,0,0,0
43,Female,Asian-Pac-Islander,Some-college,Other-service,41,0,0,0,0
57,Male,White,HS-grad,Craft-repair,36,0,0,0,0
24,Male,Black,HS-grad,Craft-repair,62,0,0,0,0
47,Male,White,Bachelors,Other-service,38,0,0,0,1
24,Male,Amer-Indian-Eskimo,HS-grad,Adm-clerical,43,0,0,0,0
20,Male,White,HS-grad,Craft-repair,49,0,0,0,0
18,Female,White,Some-college,Other-service,49,0,0,0,0
53,Female,White,HS-grad,Craft-repair,42,0,0,0,0
42,Male,White,HS-grad,Prof-specialty,38,0,0,0,0
54,Male,White,Masters,Sales,60,0,0,1,1
18,Male,White,Bachelors,Sales,39,0,0,0,1
32,Female,White,HS-grad,Sales,35,0,0,0,0
54,Female,White,Doctorate,Adm-clerical,33,0,0,1,1
30,Male,White,Some-college,Exec-managerial,22,0,0,0,0
57,Female,White,Masters,Craft-repair,48,0,0,1,1
25,Female,White,Masters,Prof-specialty,16,0,0,1,1
22,Female,White,Bachelors,Adm-clerical,39,0,0,0,1
26,Female,White,Some-college,Sales,37,0,0,0,0
18,Female,Asian-Pac-Islander,Bachelors,Adm-clerical,62,0,0,0,1
53,Male,White,Some-college,Prof-specialty,21,14728,0,1,1
52,Male,White,HS-grad,Other-service,30,0,0,0,0
19,Female,White,Some-college,Adm-clerical,38,0,0,0,0
57,Male,White,Doctorate,Sales,38,0,0,1,1
40,Female,White,Some-college,Exec-managerial,34,0,0,0,0
26,Male,White,Bachelors,Sales,39,10127,0,1,1
51,Male,White,HS-grad,Sales,27,3473,0,0,0
63,Male,White,Masters,Sales,43,0,0,1,1
31,Male,White,Some-college,Adm-clerical,16,0,0,0,0
21,Male,White,Bachelors,Prof-specialty,39,0,0,1,1
47,Female,White,Some-college,Sales,33,0,926,0,0
48,Male,White,Some-college,Other-service,50,0,0,0,0
55,Female,White,HS-grad,Adm-clerical,57,3665,0,0,0
28,Male,White,Some-college,Prof-specialty,36,0,0,0,1
52,Female,White,HS-grad,Exec-managerial,53,0,0,0,0
25,Male,White,HS-grad,Sales,36,0,556,0,0
20,Female,White,HS-grad,Craft-repair,30,0,0,0,0
31,Male,White,Masters,Adm-clerical,57,0,0,1,1
30,Male,White,Doctorate,Other-service,45,0,0,1,1
62,Male,White,HS-grad,Exec-managerial,40,0,0,0,0
49,Male,White,Masters,Exec-managerial,46,0,0,1,1
51,Female,White,Masters,Exec-managerial,42,0,0,1,1
62,Female,White,Doctorate,Adm-clerical,39,0,0,1,1
36,Female,White,Bachelors,Prof-specialty,26,0,0,0,1
55,Male,Black,Some-college,Craft-repair,37,0,0,0,0
33,Female,White,HS-grad,Other-service,46,0,0,0,0
19,Female,White,HS-grad,Prof-specialty,38,0,0,0,0
57,Male,White,Bachelors,Sales,49,0,0,1,1
34,Male,White,HS-grad,Craft-repair,43,0,0,0,0
51,Male,Black,Some-college,Prof-specialty,31,0,0,0,0
59,Male,White,HS-grad,Sales,26,0,0,0,0
33,Male,Amer-Indian-Eskimo,Doctorate,Craft-repair,38,0,0,1,1
55,Male,White,Bachelors,Adm-clerical,34,0,0,0,1
19,Female,White,HS-grad,Other-service,43,0,0,0,0
19,Male,White,Some-college,Other-service,32,0,0,0,0
43,Male,White,Some-college,Sales,33,0,0,0,0
30,Female,White,Bachelors,Prof-specialty,50,0,0,1,1
64,Female,White,HS-grad,Craft-repair,41,0,0,0,0
48,Female,White,Bachelors,Sales,32,0,0,0,0
51,Male,Black,HS-grad,Sales,40,1798,0,0,0
56,Male,White,Some-college,Adm-clerical,53,0,0,1,1
20,Male,White,Some-college,Sales,42,0,0,0,0
25,Male,White,Bachelors,Craft-repair,45,0,0,1,1
40,Male,White,Some-college,Exec-managerial,32,0,0,0,0
31,Male,White,Masters,Craft-repair,50,0,0,1,1
44,Female,White,HS-grad,Craft-repair,63,0,0,0,0
46,Male,White,HS-grad,Adm-clerical,32,15904,0,0,0
56,Male,White,Masters,Adm-clerical,28,0,0,1,1
56,Male,White,Masters,Other-service,41,0,0,1,1
18,Female,White,HS-grad,Other-service,48,0,0,0,0
34,Male,Black,HS-grad,Sales,39,13288,0,0,0
58,Male,White,Bachelors,Other-service,29,0,0,0,0
47,Male,White,Some-college,Adm-clerical,38,0,0,0,0
30,Male,White,HS-grad,Sales,45,0,0,0,0
38,Male,White,Bachelors,Exec-managerial,35,0,0,1,1
36,Male,White,Some-college,Prof-specialty,46,0,0,1,1
36,Male,White,Some-college,Adm-clerical,51,0,0,0,0
42,Female,White,Some-college,Adm-clerical,42,0,0,0,0
39,Male,White,HS-grad,Exec-managerial,39,0,0,0,0
48,Female,White,Bachelors,Adm-clerical,48,0,0,0,1
34,Male,White,HS-grad,Other-service,31,0,0,0,0
40,Male,White,Bachelors,Other-service,30,0,0,1,0
49,Male,White,Some-college,Other-service,37,0,0,0,0
27,Male,White,Bachelors,Exec-managerial,35,0,0,1,1
27,Male,Black,HS-grad,Sales,31,0,0,0,0
53,Male,White,HS-grad,Adm-clerical,58,0,0,0,0
25,Female,White,HS-grad,Adm-clerical,61,0,0,0,0
37,Female,White,Some-college,Other-service,36,0,0,0,0
49,Female,White,HS-grad,Sales,40,0,0,0,0
31,Male,White,Bachelors,Adm-clerical,38,0,0,1,1
45,Male,Amer-Indian-Eskimo,HS-grad,Craft-repair,51,0,0,0,0
63,Male,Amer-Indian-Eskimo,HS-grad,Exec-managerial,53,0,0,0,0
41,Female,White,Bachelors,Prof-specialty,22,0,0,0,0
32,Male,White,Masters,Craft-repair,44,0,0,1,1
39,Male,White,Masters,Prof-specialty,26,0,0,1,1
47,Female,White,Doctorate,Craft-repair,57,0,0,1,1
21,Male,White,Some-college,Craft-repair,44,0,1801,0,0
30,Male,White,Some-college,Craft-repair,31,0,0,0,0
40,Male,White,Some-college,Exec-managerial,37,0,0,0,0
25,Male,White,Bachelors,Prof-specialty,37,0,0,1,1
35,Female,White,Bachelors,Sales,45,0,0,0,1
29,Male,White,HS-grad,Sales,50,0,0,0,0
48,Female,White,Some-college,Other-service,28,0,0,0,0
31,Male,White,Some-college,Adm-clerical,58,0,0,0,0
51,Male,White,Some-college,Exec-managerial,56,0,0,1,1
35,Female,White,Bachelors,Other-service,31,0,0,0,0
51,Male,White,Some-college,Other-service,40,0,0,0,0
28,Male,White,HS-grad,Exec-managerial,57,0,0,1,1
58,Male,White,Bachelors,Exec-managerial,52,0,0,1,1
29,Male,Asian-Pac-Islander,HS-grad,Craft-repair,36,0,0,0,0
32,Female,White,Bachelors,Exec-managerial,48,0,0,1,1
48,Female,White,HS-grad,Sales,69,0,0,0,0
46,Female,White,HS-grad,Exec-managerial,41,0,257,0,0
43,Male,Asian-Pac-Islander,HS-grad,Craft-repair,33,0,0,0,0
35,Male,White,Masters,Prof-specialty,41,0,0,1,1
49,Male,Black,Some-college,Other-service,42,0,0,0,0
39,Female,White,Masters,Exec-managerial,34,0,0,1,1
55,Female,Other,HS-grad,Other-service,44,0,0,0,0
34,Male,White,Some-college,Prof-specialty,27,0,0,0,0
40,Male,White,Some-college,Adm-clerical,33,0,0,0,0
41,Male,Black,Bachelors,Craft-repair,47,0,0,1,1
25,Male,Black,HS-grad,Other-service,22,0,0,0,0
58,Male,White,HS-grad,Exec-managerial,49,0,0,0,0
23,Male,White,Bachelors,Adm-clerical,19,0,0,0,1
22,Male,White,Masters,Adm-clerical,22,0,0,1,1
61,Female,White,Some-college,Prof-specialty,35,0,0,0,0
46,Female,White,Bachelors,Other-service,42,0,0,0,0
45,Female,Asian-Pac-Islander,Some-college,Other-service,53,0,0,0,0
28,Male,White,Some-college,Sales,40,0,0,0,0
18,Male,White,Some-college,Sales,37,0,0,0,0
60,Male,White,HS-grad,Sales,45,0,0,0,0
36,Male,White,Some-college,Other-service,31,0,0,0,0
26,Male,White,HS-grad,Other-service,41,0,0,0,0
44,Female,White,Masters,Sales,28,0,0,1,1
51,Male,White,Bachelors,Craft-repair,40,0,0,0,1
61,Female,White,Bachelors,Exec-managerial,38,0,0,1,1
21,Female,White,Doctorate,Exec-managerial,31,0,0,1,1
53,Female,White,HS-grad,Craft-repair,41,0,0,0,0
35,Female,Asian-Pac-Islander,HS-grad,Prof-specialty,41,0,0,0,0
32,Male,White,Bachelors,Exec-managerial,51,0,0,1,1
30,Female,White,Masters,Other-service,23,0,0,1,1
36,Male,White,Bachelors,Adm-clerical,39,0,0,0,0
23,Female,White,Some-college,Other-service,32,0,0,0,0
29,Male,White,Bachelors,Exec-managerial,48,0,0,1,1
54,Male,White,Bachelors,Craft-repair,47,0,0,1,1
34,Male,White,HS-grad,Prof-specialty,45,0,3619,0,0
40,Male,White,HS-grad,Exec-managerial,32,8357,0,0,1
43,Male,White,HS-grad,Craft-repair,48,3553,0,0,0
46,Male,Black,HS-grad,Adm-clerical,24,0,0,0,0
50,Female,White,Some-college,Sales,22,0,0,0,0
44,Male,Black,Masters,Adm-clerical,27,0,0,1,1
42,Male,White,Bachelors,Adm-clerical,39,0,0,0,1
27,Male,White,HS-grad,Prof-specialty,46,0,0,0,0
64,Male,White,Some-college,Exec-managerial,10,0,0,0,0
40,Male,White,HS-grad,Sales,53,0,0,0,0
38,Female,White,Bachelors,Craft-repair,41,0,0,0,0
38,Male,White,Some-college,Sales,24,10044,0,1,1
60,Male,White,Masters,Exec-managerial,41,0,0,1,1
30,Male,White,Masters,Prof-specialty,50,6200,0,1,1
54,Male,Amer-Indian-Eskimo,Bachelors,Exec-managerial,45,0,0,1,1
50,Male,White,Bachelors,Craft-repair,50,0,0,1,1
41,Female,White,Masters,Sales,26,0,0,1,1
61,Male,White,Bachelors,Adm-clerical,35,0,0,1,1
28,Male,White,HS-grad,Exec-managerial,30,0,0,0,0
34,Male,White,HS-grad,Other-service,57,0,0,0,0
21,Male,White,HS-grad,Prof-specialty,46,13605,0,1,1
64,Female,White,Some-college,Prof-specialty,68,0,0,0,1
42,Male,White,Some-college,Sales,35,0,0,0,0
47,Male,White,Doctorate,Adm-clerical,32,13795,0,1,1
26,Female,White,Bachelors,Craft-repair,38,0,0,0,1
38,Male,Amer-Indian-Eskimo,Bachelors,Adm-clerical,53,4477,0,0,0
37,Female,White,HS-grad,Sales,36,0,0,0,0
36,Male,White,Bachelors,Adm-clerical,41,18143,0,1,1
36,Male,Black,Some-college,Sales,40,0,0,0,0
29,Female,White,Bachelors,Adm-clerical,40,0,0,0,0
54,Female,White,HS-grad,Exec-managerial,33,0,0,0,0
59,Male,White,HS-grad,Prof-specialty,38,0,0,0,0
34,Female,White,Masters,Sales,38,0,0,1,1
54,Male,Black,Bachelors,Sales,39,0,775,0,0
56,Male,White,HS-grad,Prof-specialty,49,0,0,0,0
45,Male,White,HS-grad,Other-service,57,0,0,0,0
58,Male,White,Some-college,Other-service,31,0,0,0,0
52,Female,Black,Bachelors,Craft-repair,36,0,0,0,0
64,Male,White,Some-college,Sales,31,0,3744,0,0
35,Male,White,Some-college,Exec-managerial,41,0,0,1,1
31,Female,Asian-Pac-Islander,HS-grad,Adm-clerical,34,0,0,0,0
52,Male,White,Some-college,Exec-managerial,42,13098,0,1,1
61,Male,White,Bachelors,Sales,51,0,0,1,1
58,Male,White,Some-college,Craft-repair,14,0,0,0,0
24,Male,White,HS-grad,Sales,44,0,0,0,0
58,Female,White,HS-grad,Craft-repair,35,0,0,0,0
30,Male,White,HS-grad,Prof-specialty,44,0,0,0,0
35,Male,White,Bachelors,Adm-clerical,31,0,0,1,1
54,Female,White,Some-college,Exec-managerial,51,0,2310,0,1
30,Male,White,Bachelors,Craft-repair,49,0,0,1,1
53,Male,White,Masters,Exec-managerial,45,0,0,1,1
48,Female,White,HS-grad,Prof-specialty,47,0,0,0,0
19,Male,Asian-Pac-Islander,Some-college,Sales,32,0,3472,0,0
33,Male,White,Bachelors,Craft-repair,33,0,0,1,1
26,Male,Asian-Pac-Islander,HS-grad,Adm-clerical,47,0,0,0,0
26,Male,White,HS-grad,Craft-repair,32,0,3229,0,0
55,Male,White,Doctorate,Other-service,54,0,0,1,1
28,Male,White,Bachelors,Sales,36,2995,0,1,0
39,Female,White,Bachelors,Sales,45,0,0,1,1
50,Male,White,Bachelors,Adm-clerical,60,0,0,1,1
53,Male,White,Doctorate,Adm-clerical,32,2709,0,1,1
62,Female,Black,Bachelors,Prof-specialty,40,0,1143,0,0
40,Male,White,Masters,Exec-managerial,50,0,0,1,1
62,Female,White,Bachelors,Craft-repair,49,0,0,0,1
62,Male,Amer-Indian-Eskimo,Some-college,Prof-specialty,36,0,0,0,0
51,Male,Black,Some-college,Exec-managerial,34,9528,0,1,1
26,Female,Asian-Pac-Islander,HS-grad,Prof-specialty,37,0,0,0,0
41,Male,White,HS-grad,Other-service,54,0,0,0,0
25,Female,White,Bachelors,Adm-clerical,37,11793,0,1,1
24,Male,White,Bachelors,Adm-clerical,40,0,0,1,1
53,Male,White,HS-grad,Sales,35,0,0,0,0
35,Male,White,Masters,Craft-repair,47,0,0,1,1
20,Male,White,HS-grad,Craft-repair,41,0,0,0,0
45,Female,White,Some-college,Craft-repair,29,0,0,0,0
23,Female,White,HS-grad,Prof-specialty,30,0,0,0,0
61,Female,White,Masters,Prof-specialty,20,0,0,1,1
61,Male,White,HS-grad,Craft-repair,31,0,0,0,0
38,Male,White,HS-grad,Sales,47,0,0,0,0
45,Male,White,HS-grad,Exec-managerial,53,0,0,0,0
57,Male,White,HS-grad,Other-service,46,12970,0,1,1
18,Female,White,HS-grad,Prof-specialty,45,0,0,0,0
53,Male,White,Doctorate,Craft-repair,38,0,0,1,1
38,Male,White,Some-college,Adm-clerical,47,0,0,1,0
60,Female,White,HS-grad,Prof-specialty,42,0,0,0,0
52,Female,White,Bachelors,Exec-managerial,58,0,0,1,1
30,Male,White,HS-grad,Prof-specialty,39,0,0,0,0
27,Male,White,HS-grad,Exec-managerial,53,0,3649,1,0
61,Male,White,Bachelors,Exec-managerial,48,0,3475,1,1
64,Male,White,Some-college,Prof-specialty,47,0,0,0,1
27,Male,White,Some-college,Exec-managerial,19,0,0,0,0
63,Male,White,Some-college,Prof-specialty,49,0,0,0,1
30,Female,White,Bachelors,Prof-specialty,38,0,0,1,1
54,Male,White,Some-college,Sales,35,0,0,0,0
55,Male,White,Doctorate,Adm-clerical,25,0,0,1,1
41,Male,White,HS-grad,Other-service,39,0,0,0,0
19,Female,White,HS-grad,Exec-managerial,40,0,0,0,0
39,Male,White,Some-college,Prof-specialty,26,0,0,0,1
34,Female,White,HS-grad,Exec-managerial,25,0,0,0,0
53,Female,White,HS-grad,Prof-specialty,44,0,0,0,0
31,Female,White,HS-grad,Other-service,48,0,0,0,0
27,Female,White,Masters,Prof-specialty,41,0,0,1,1
52,Male,White,Bachelors,Prof-specialty,51,0,0,1,1
42,Male,White,Some-college,Adm-clerical,39,0,0,0,0
20,Male,White,Masters,Exec-managerial,39,0,0,1,1
64,Male,White,Masters,Adm-clerical,30,19020,0,1,1
55,Male,White,Bachelors,Adm-clerical,24,14430,0,1,1
34,Female,White,Masters,Adm-clerical,58,0,0,1,1
29,Male,Black,Bachelors,Adm-clerical,51,0,0,0,1
41,Female,White,Bachelors,Sales,26,0,0,0,0
46,Male,White,HS-grad,Exec-managerial,41,0,0,0,0
60,Male,White,HS-grad,Exec-managerial,38,0,0,0,0
42,Female,White,Masters,Prof-specialty,37,7967,0,1,1
53,Male,Black,Bachelors,Exec-managerial,35,0,0,0,1
43,Female,White,HS-grad,Other-service,43,0,0,0,0
55,Female,White,Bachelors,Adm-clerical,48,0,0,1,1
18,Male,White,Some-college,Craft-repair,44,0,0,0,0
37,Male,White,Masters,Exec-managerial,38,0,0,1,1
45,Male,White,Masters,Craft-repair,38,0,0,1,1
33,Female,White,HS-grad,Other-service,49,0,0,0,0
64,Male,White,Bachelors,Sales,44,0,0,1,1
34,Male,White,Some-college,Prof-specialty,40,0,0,0,1
57,Female,Asian-Pac-Islander,HS-grad,Prof-specialty,39,0,0,0,0
45,Male,White,HS-grad,Prof-specialty,43,0,0,0,0
29,Female,White,Masters,Sales,35,0,0,0,1
44,Female,Black,Bachelors,Adm-clerical,48,0,0,0,1
59,Female,White,Some-college,Craft-repair,29,0,0,0,0
64,Female,Black,HS-grad,Exec-managerial,35,0,0,0,0
47,Male,White,HS-grad,Adm-clerical,46,0,0,0,0
58,Female,White,Bachelors,Prof-specialty,28,0,0,1,1
51,Male,White,Bachelors,Prof-specialty,24,0,0,1,1
54,Male,White,Some-college,Adm-clerical,40,0,0,0,0
23,Male,White,Masters,Craft-repair,23,5817,0,1,1
24,Female,White,Bachelors,Adm-clerical,27,0,0,0,0
49,Female,White,Bachelors,Sales,47,0,0,0,1
49,Female,White,Masters,Prof-specialty,37,0,0,1,1
42,Male,White,Masters,Craft-repair,52,0,0,1,1
50,Female,White,HS-grad,Exec-managerial,27,0,0,0,0
24,Female,Other,HS-grad,Prof-specialty,39,0,0,0,0
29,Female,White,Bachelors,Adm-clerical,43,19551,0,1,1
33,Male,White,Masters,Craft-repair,28,0,2445,1,1
33,Male,White,Some-college,Prof-specialty,50,0,0,0,1
60,Male,Asian-Pac-Islander,Bachelors,Exec-managerial,45,0,0,1,1
53,Male,Asian-Pac-Islander,Masters,Exec-managerial,23,0,0,1,1
30,Male,White,HS-grad,Other-service,39,0,0,0,0
24,Male,Black,HS-grad,Adm-clerical,43,0,0,0,0
53,Male,White,HS-grad,Sales,34,0,0,0,0
64,Male,Asian-Pac-Islander,Some-college,Adm-clerical,25,0,0,0,0
26,Male,White,HS-grad,Craft-repair,42,0,0,0,0
49,Female,White,HS-grad,Adm-clerical,62,6044,0,0,0
28,Male,White,HS-grad,Craft-repair,36,0,0,0,0
25,Male,White,Bachelors,Other-service,55,0,0,1,1
50,Male,White,Bachelors,Other-service,32,0,2234,1,1
40,Male,White,Doctorate,Other-service,42,0,0,1,1
42,Female,Asian-Pac-Islander,Bachelors,Sales,47,0,0,0,1
25,Male,White,Masters,Other-service,39,0,0,1,1
62,Male,White,HS-grad,Adm-clerical,37,0,0,0,0
39,Female,White,HS-grad,Exec-managerial,47,0,0,0,0
21,Male,White,HS-grad,Craft-repair,58,0,0,0,0
57,Male,White,HS-grad,Craft-repair,43,0,0,0,0
20,Male,White,Bachelors,Exec-managerial,34,0,0,1,1
46,Male,White,HS-grad,Adm-clerical,38,0,0,0,0
58,Female,White,Masters,Sales,65,0,0,1,1
46,Male,White,Masters,Prof-specialty,41,0,0,1,1
51,Female,Amer-Indian-Eskimo,HS-grad,Adm-clerical,34,0,0,0,0
51,Female,White,HS-grad,Other-service,28,0,0,0,0
45,Male,Black,Bachelors,Adm-clerical,21,0,0,0,0
30,Male,White,Bachelors,Craft-repair,43,0,0,1,1
32,Male,White,Bachelors,Craft-repair,46,0,0,1,1
40,Male,Asian-Pac-Islander,Some-college,Sales,36,0,0,0,0
61,Male,White,Bachelors,Other-service,39,0,0,0,1
43,Male,White,Bachelors,Sales,28,0,1389,1,0
21,Male,White,HS-grad,Sales,41,7085,0,0,0
43,Female,White,Bachelors,Exec-managerial,44,0,0,1,1
57,Male,White,Masters,Prof-specialty,34,0,0,1,1
26,Female,White,Bachelors,Prof-specialty,56,0,0,1,1
22,Female,Black,Bachelors,Other-service,31,0,0,0,0
49,Male,White,Masters,Sales,42,0,0,1,1
37,Male,White,HS-grad,Craft-repair,48,0,0,0,0
28,Male,White,Doctorate,Prof-specialty,39,0,0,1,1
32,Male,White,Masters,Adm-clerical,38,0,0,1,1
49,Male,Other,HS-grad,Exec-managerial,25,0,3254,0,0
45,Male,White,Masters,Craft-repair,53,0,0,1,1
39,Male,White,Bachelors,Exec-managerial,38,0,0,1,1
58,Female,Black,HS-grad,Adm-clerical,45,0,0,0,0
34,Male,White,HS-grad,Prof-specialty,46,0,0,1,0
43,Male,White,HS-grad,Exec-managerial,33,0,0,0,0
61,Male,White,Masters,Other-service,38,0,0,1,1
24,Male,White,Some-college,Exec-managerial,53,0,0,0,1
59,Male,White,Some-college,Exec-managerial,28,0,0,0,0
43,Female,White,Masters,Adm-clerical,61,0,0,1,1
42,Male,White,HS-grad,Craft-repair,32,0,0,0,0
27,Male,White,Bachelors,Craft-repair,28,0,0,1,1
62,Male,White,HS-grad,Adm-clerical,41,0,0,0,0
36,Male,White,HS-grad,Exec-managerial,62,0,0,0,1
28,Male,White,HS-grad,Exec-managerial,20,0,0,0,0
30,Male,Amer-Indian-Eskimo,Some-college,Sales,38,0,0,0,0
25,Male,White,HS-grad,Other-service,44,0,0,0,0
57,Male,White,HS-grad,Prof-specialty,40,0,0,0,0
21,Male,White,HS-grad,Prof-specialty,43,9785,0,0,1
64,Male,White,Some-college,Craft-repair,32,0,0,0,0
48,Male,White,Masters,Adm-clerical,34,0,0,1,1
45,Female,White,Masters,Exec-managerial,38,0,0,1,1
28,Male,White,HS-grad,Other-service,28,0,0,0,0
60,Female,White,Some-college,Prof-specialty,39,0,0,0,0
18,Male,White,Bachelors,Adm-clerical,36,0,0,1,1
64,Male,White,Some-college,Adm-clerical,35,0,0,0,0
55,Male,White,HS-grad,Exec-managerial,43,0,0,0,0
41,Male,White,HS-grad,Other-service,21,0,0,0,0
64,Male,White,HS-grad,Adm-clerical,37,0,0,0,0
48,Male,White,Masters,Prof-specialty,63,10240,0,1,1
58,Female,White,Bachelors,Sales,29,0,0,0,0
63,Female,White,Some-college,Prof-specialty,52,0,0,0,1
43,Male,White,HS-grad,Other-service,40,0,0,0,0
22,Male,White,HS-grad,Sales,33,0,0,0,0
37,Female,White,Bachelors,Adm-clerical,26,0,0,0,1
58,Female,White,HS-grad,Prof-specialty,41,0,0,0,0
28,Male,White,HS-grad,Exec-managerial,54,0,1923,1,0
50,Female,White,HS-grad,Other-service,36,0,0,0,0
55,Male,White,Masters,Adm-clerical,39,0,0,1,1
44,Male,White,HS-grad,Exec-managerial,50,0,0,0,1
51,Male,White,Some-college,Sales,43,0,0,0,0
32,Female,White,Masters,Craft-repair,24,0,0,0,1
49,Female,White,Some-college,Craft-repair,40,0,0,0,0
38,Female,White,Bachelors,Sales,55,1186,0,0,1
63,Male,White,HS-grad,Craft-repair,39,0,0,0,0
22,Female,White,HS-grad,Other-service,12,0,0,0,0
23,Male,White,Masters,Adm-clerical,43,0,0,1,1
55,Male,White,Some-college,Adm-clerical,38,0,0,0,0
39,Male,Other,Bachelors,Other-service,21,0,0,1,1
35,Male,White,Bachelors,Prof-specialty,23,0,0,1,1
31,Male,White,Some-college,Adm-clerical,49,0,0,0,0
27,Male,White,Bachelors,Craft-repair,32,0,0,1,1
63,Female,White,Masters,Other-service,30,0,0,1,1
30,Male,White,HS-grad,Exec-managerial,39,0,0,0,0
48,Male,White,Some-college,Prof-specialty,33,0,0,0,0
47,Female,White,Bachelors,Exec-managerial,41,0,0,1,1
20,Male,White,Bachelors,Craft-repair,37,0,0,1,1
47,Male,White,Masters,Exec-managerial,28,0,0,1,1
23,Female,Asian-Pac-Islander,Some-college,Craft-repair,34,0,0,0,0
46,Male,White,HS-grad,Adm-clerical,44,0,0,0,0
25,Female,Asian-Pac-Islander,HS-grad,Prof-specialty,40,0,0,0,0
61,Male,White,Masters,Sales,39,0,0,1,1
62,Female,Black,Some-college,Craft-repair,59,0,0,0,0
60,Male,White,Some-college,Other-service,47,15135,0,1,1
61,Male,Amer-Indian-Eskimo,Some-college,Other-service,48,0,0,0,0
50,Male,White,Bachelors,Adm-clerical,38,0,0,0,1
34,Male,White,Bachelors,Other-service,42,0,0,1,1
28,Male,White,Masters,Exec-managerial,35,0,2146,1,1
30,Female,White,Some-college,Adm-clerical,47,0,0,0,0
28,Female,White,HS-grad,Other-service,38,0,0,0,0
48,Male,Amer-Indian-Eskimo,Bachelors,Exec-managerial,42,0,0,0,1
45,Female,White,Some-college,Exec-managerial,41,11859,0,0,1
61,Male,White,Bachelors,Exec-managerial,39,0,0,1,1
23,Male,White,HS-grad,Other-service,69,0,0,0,0
58,Male,White,HS-grad,Exec-managerial,33,0,0,0,0
33,Male,White,Masters,Prof-specialty,33,2827,0,1,1
21,Female,White,Doctorate,Other-service,46,0,0,1,1
52,Male,White,HS-grad,Exec-managerial,34,0,0,1,0
43,Male,White,Masters,Prof-specialty,37,0,0,1,1
29,Female,White,Masters,Sales,29,0,3486,0,1
28,Female,White,HS-grad,Prof-specialty,44,0,0,0,0
54,Female,White,Masters,Other-service,45,0,0,1,1
42,Male,White,HS-grad,Other-service,36,0,0,0,0
35,Male,White,Bachelors,Exec-managerial,47,0,0,1,1
36,Male,White,Bachelors,Other-service,21,0,0,0,1
40,Male,White,Bachelors,Sales,32,0,0,0,1
55,Female,White,HS-grad,Adm-clerical,38,0,0,0,0
35,Female,White,Some-college,Prof-specialty,28,0,0,0,0
43,Female,White,Doctorate,Adm-clerical,22,0,0,1,1
23,Male,White,Some-college,Sales,36,0,0,0,0
21,Female,White,HS-grad,Prof-specialty,46,0,0,0,0
61,Female,White,HS-grad,Exec-managerial,52,0,2715,0,0
46,Male,White,HS-grad,Prof-specialty,34,0,0,0,0
51,Male,White,Bachelors,Exec-managerial,47,0,0,1,1
34,Female,White,Bachelors,Craft-repair,46,0,0,0,1
60,Male,Black,Masters,Prof-specialty,52,0,0,1,1
60,Female,White,Some-college,Prof-specialty,36,13119,0,0,1
33,Male,White,Bachelors,Adm-clerical,22,0,0,0,1
19,Female,White,Bachelors,Adm-clerical,40,0,0,0,1
51,Female,White,Some-college,Sales,29,0,0,0,0
25,Male,White,HS-grad,Exec-managerial,32,0,0,0,0
30,Female,White,Some-college,Other-service,36,0,0,0,0
59,Male,Black,Doctorate,Adm-clerical,36,0,0,1,1
25,Male,White,Some-college,Sales,41,0,0,0,0
47,Male,White,HS-grad,Exec-managerial,47,0,0,0,1
49,Male,White,Masters,Exec-managerial,36,2617,0,1,1
53,Female,White,HS-grad,Exec-managerial,43,0,0,0,0
64,Female,White,Masters,Craft-repair,40,13234,0,1,1
47,Male,White,HS-grad,Exec-managerial,49,0,0,0,0
18,Male,White,Bachelors,Sales,38,0,0,1,1
60,Male,White,HS-grad,Exec-managerial,39,0,1278,0,0
56,Female,Black,HS-grad,Other-service,36,0,0,0,0
34,Female,White,Some-college,Other-service,38,0,0,0,0
37,Male,White,Doctorate,Exec-managerial,32,0,0,1,1
41,Male,White,Masters,Sales,31,0,0,1,1
39,Male,White,Bachelors,Prof-specialty,47,0,0,1,1
46,Male,Black,Doctorate,Exec-managerial,29,0,0,1,1
39,Female,White,HS-grad,Sales,36,0,0,0,0
61,Male,White,Some-college,Adm-clerical,50,0,0,0,0
26,Male,White,Some-college,Sales,36,0,0,0,0
54,Female,White,Bachelors,Craft-repair,48,0,0,1,1
27,Female,White,Some-college,Adm-clerical,34,0,0,0,0
53,Female,White,Bachelors,Other-service,29,19724,0,0,1
54,Female,Asian-Pac-Islander,HS-grad,Other-service,24,0,0,0,0
45,Female,White,HS-grad,Prof-specialty,53,0,0,0,0
45,Male,White,Bachelors,Prof-specialty,28,0,0,1,1
59,Male,White,Doctorate,Sales,47,0,0,1,1
60,Male,White,Bachelors,Sales,30,0,0,1,1
38,Female,White,Bachelors,Exec-managerial,53,0,0,1,1
41,Male,White,Masters,Exec-managerial,62,0,0,1,1
59,Male,White,Doctorate,Other-service,23,0,0,1,1
57,Male,White,Some-college,Craft-repair,29,0,0,0,0
19,Female,White,Doctorate,Exec-managerial,47,0,0,1,1
25,Male,White,Masters,Other-service,45,0,0,1,1
44,Male,Black,HS-grad,Sales,47,0,0,0,0
39,Male,White,Bachelors,Sales,34,9540,1420,1,1
54,Female,White,Bachelors,Exec-managerial,59,0,0,1,1
44,Male,White,HS-grad,Craft-repair,41,0,0,0,0
46,Male,White,Masters,Other-service,27,0,0,1,1
20,Male,White,HS-grad,Sales,37,0,0,0,0
61,Male,White,Doctorate,Other-service,27,0,0,1,1
30,Male,Black,HS-grad,Craft-repair,55,0,0,0,0
62,Male,White,Bachelors,Sales,33,0,0,0,1
27,Male,Black,Bachelors,Other-service,44,0,0,0,0
53,Female,White,Some-college,Craft-repair,35,0,0,0,0
26,Male,White,Doctorate,Craft-repair,33,0,0,1,1
44,Male,White,Some-college,Craft-repair,20,0,0,0,0
51,Female,White,Bachelors,Exec-managerial,45,0,0,1,1
18,Female,White,Some-college,Prof-specialty,52,11301,0,0,1
49,Male,White,Bachelors,Other-service,30,0,0,1,1
42,Male,White,Bachelors,Craft-repair,24,0,0,1,1
46,Female,White,Some-college,Other-service,48,0,0,0,0
24,Female,White,HS-grad,Craft-repair,23,0,0,0,0
20,Male,White,Masters,Other-service,52,0,0,1,1
37,Male,White,Bachelors,Sales,30,0,0,0,1
37,Male,White,Masters,Other-service,28,0,0,1,1
47,Male,White,Some-college,Prof-specialty,42,0,0,0,1
52,Male,White,HS-grad,Sales,29,0,0,0,0
52,Male,White,Masters,Sales,32,0,0,1,1
56,Male,White,Bachelors,Craft-repair,43,0,0,1,1
44,Male,Black,Masters,Adm-clerical,15,0,0,1,1
43,Male,Black,HS-grad,Prof-specialty,56,0,0,0,0
31,Male,Black,Bachelors,Sales,40,0,0,0,0
34,Male,White,HS-grad,Adm-clerical,27,0,0,0,0
35,Male,White,Bachelors,Adm-clerical,29,0,0,1,0
62,Female,White,Some-college,Sales,49,0,0,0,0
46,Male,White,HS-grad,Craft-repair,46,0,0,0,0
37,Female,Black,Bachelors,Exec-managerial,53,0,0,1,1
44,Male,White,HS-grad,Sales,33,0,0,0,0
35,Male,White,HS-grad,Craft-repair,42,0,0,0,0
21,Male,White,Doctorate,Prof-specialty,44,0,0,1,1
18,Female,White,Some-college,Craft-repair,46,0,0,0,0
18,Male,White,HS-grad,Adm-clerical,51,0,0,0,0
43,Male,White,Some-college,Prof-specialty,32,0,0,0,0
62,Male,Black,Masters,Prof-specialty,38,0,0,1,1
37,Female,Black,Bachelors,Exec-managerial,33,0,0,0,0
40,Female,White,Masters,Exec-managerial,39,0,0,1,1
27,Male,White,HS-grad,Sales,46,0,0,0,0
28,Male,White,Masters,Craft-repair,23,0,0,1,1
58,Male,White,Some-college,Sales,51,0,0,0,1
58,Male,Black,HS-grad,Exec-managerial,28,0,0,0,0
22,Male,White,Some-college,Adm-clerical,36,0,0,0,0
18,Female,White,Some-college,Exec-managerial,52,0,0,0,1
34,Female,White,HS-grad,Craft-repair,43,18705,0,0,0
39,Male,White,Masters,Adm-clerical,43,0,0,1,1
51,Male,White,HS-grad,Sales,28,0,0,0,0
62,Male,White,Some-college,Sales,29,0,0,0,0
58,Male,White,Masters,Exec-managerial,49,0,0,1,1
46,Male,White,Bachelors,Exec-managerial,34,0,0,1,1
21,Male,White,HS-grad,Other-service,35,0,0,0,0
22,Male,White,Masters,Sales,49,0,0,1,1
28,Male,White,Bachelors,Sales,29,0,0,1,0
38,Female,White,Bachelors,Prof-specialty,42,0,0,0,1
52,Male,White,HS-grad,Craft-repair,40,0,0,0,0
29,Male,White,HS-grad,Prof-specialty,39,0,0,0,0
43,Male,White,HS-grad,Prof-specialty,34,0,0,0,0
36,Male,Amer-Indian-Eskimo,HS-grad,Sales,34,0,0,0,0
62,Female,White,Bachelors,Other-service,29,0,0,0,0
24,Female,White,Masters,Craft-repair,44,0,0,0,1
64,Male,White,HS-grad,Sales,33,0,0,0,0
24,Female,White,Bachelors,Prof-specialty,49,0,0,1,1
43,Male,White,HS-grad,Prof-specialty,37,0,0,0,0
57,Female,Black,Masters,Sales,29,2417,0,0,1
22,Male,White,Bachelors,Exec-managerial,37,0,0,1,1
38,Male,White,Bachelors,Exec-managerial,35,0,0,1,1
31,Male,White,Bachelors,Sales,50,0,0,1,1
21,Female,White,Some-college,Adm-clerical,36,0,0,0,0
40,Male,White,Some-college,Adm-clerical,37,0,0,0,0
59,Female,White,Some-college,Exec-managerial,54,0,0,0,1
37,Male,White,Doctorate,Craft-repair,45,0,0,1,1
32,Female,White,Masters,Other-service,56,1228,0,1,1
62,Male,White,HS-grad,Prof-specialty,52,0,0,0,0
46,Female,White,Masters,Craft-repair,31,0,0,1,1
25,Male,White,Bachelors,Exec-managerial,49,0,0,1,1
58,Male,White,Masters,Sales,55,0,0,1,1
36,Female,White,Some-college,Adm-clerical,55,0,0,0,0
56,Female,White,HS-grad,Exec-managerial,49,0,0,0,0
63,Male,White,HS-grad,Craft-repair,49,0,0,0,0
45,Male,White,HS-grad,Craft-repair,36,0,0,0,0
63,Male,White,Masters,Other-service,31,8426,0,1,1
44,Male,White,Masters,Exec-managerial,36,0,1014,1,1
21,Male,White,Some-college,Prof-specialty,23,0,0,0,0
32,Male,White,HS-grad,Craft-repair,53,0,0,0,0
52,Male,White,Some-college,Prof-specialty,37,0,0,0,0
54,Female,White,Masters,Prof-specialty,52,0,0,1,1
18,Female,White,Some-college,Sales,27,0,0,0,0
20,Male,White,HS-grad,Exec-managerial,50,0,0,0,0
64,Male,White,HS-grad,Exec-managerial,35,0,2822,0,0
41,Male,White,Masters,Prof-specialty,27,0,0,1,1
44,Female,White,Doctorate,Sales,56,0,0,1,1
57,Male,White,Some-college,Craft-repair,51,0,0,0,1
53,Male,White,Bachelors,Craft-repair,42,0,0,0,1
51,Male,White,Bachelors,Exec-managerial,40,0,0,1,1
46,Male,White,Some-college,Prof-specialty,44,0,0,0,0
41,Female,White,HS-grad,Sales,41,0,0,0,0
41,Female,White,Masters,Sales,32,0,0,1,1
59,Male,White,HS-grad,Craft-repair,35,0,0,0,0
21,Male,White,Bachelors,Craft-repair,59,0,2422,1,1
20,Female,Black,Some-college,Adm-clerical,66,0,0,0,0
51,Male,White,Doctorate,Adm-clerical,55,0,1012,1,1
40,Female,White,HS-grad,Prof-specialty,44,0,0,0,0
40,Female,White,HS-grad,Adm-clerical,36,0,0,0,0
62,Female,White,Some-college,Sales,32,0,0,0,0
22,Male,White,Bachelors,Adm-clerical,32,0,940,1,1
48,Male,White,Some-college,Exec-managerial,34,0,0,0,1
58,Female,White,HS-grad,Exec-managerial,61,0,0,0,0
23,Male,White,Masters,Other-service,58,0,0,1,1
54,Male,White,Some-college,Craft-repair,47,0,0,1,0
27,Male,White,Masters,Craft-repair,30,0,0,1,1
57,Male,White,HS-grad,Prof-specialty,48,0,0,0,0
24,Female,White,Masters,Exec-managerial,37,0,0,1,1
56,Male,Black,HS-grad,Other-service,18,0,0,0,0
55,Female,White,HS-grad,Prof-specialty,42,0,0,0,0
38,Female,White,Some-college,Prof-specialty,31,0,0,0,0
37,Male,White,Some-college,Adm-clerical,31,0,0,0,0
20,Male,White,Masters,Craft-repair,37,0,0,1,1
39,Female,White,HS-grad,Prof-specialty,35,0,2686,0,0
64,Male,White,Bachelors,Prof-specialty,39,0,0,1,1
21,Female,Black,Bachelors,Craft-repair,39,0,2487,0,0
45,Female,White,Masters,Craft-repair,21,0,0,1,1
29,Male,White,Some-college,Exec-managerial,55,0,0,1,1
55,Female,White,HS-grad,Craft-repair,30,0,0,0,0
53,Male,White,Some-college,Adm-clerical,30,19459,0,1,1
64,Male,White,Bachelors,Exec-managerial,36,0,0,1,1
58,Female,White,HS-grad,Other-service,38,0,0,0,0
22,Female,White,Bachelors,Prof-specialty,54,0,0,1,1
30,Male,White,HS-grad,Adm-clerical,42,0,0,0,0
40,Male,White,Bachelors,Adm-clerical,45,0,0,1,1
47,Male,White,Some-college,Exec-managerial,42,0,0,0,1
54,Male,White,Bachelors,Prof-specialty,42,0,0,1,1
42,Male,White,Some-college,Exec-managerial,43,0,0,0,0
44,Male,White,HS-grad,Sales,20,0,0,0,0
31,Male,White,Some-college,Sales,37,0,0,0,0
64,Female,White,Masters,Exec-managerial,51,0,0,1,1
53,Male,White,Some-college,Prof-specialty,79,0,0,1,1
56,Male,Black,Bachelors,Prof-specialty,27,0,0,1,1
33,Female,Black,Doctorate,Craft-repair,44,10261,0,1,1
39,Female,White,Some-college,Adm-clerical,34,0,0,0,0
38,Female,Black,Bachelors,Exec-managerial,60,0,3964,0,1
38,Male,White,Bachelors,Adm-clerical,26,0,0,1,1
25,Male,White,HS-grad,Adm-clerical,46,15737,0,0,1
33,Male,White,Some-college,Sales,25,0,0,0,0
48,Male,White,HS-grad,Sales,36,16016,0,0,0
59,Male,White,HS-grad,Other-service,39,0,0,0,0
27,Male,White,Bachelors,Exec-managerial,50,0,0,1,1
49,Male,White,Bachelors,Other-service,29,0,0,0,1
51,Male,White,Some-college,Exec-managerial,46,0,0,1,1
26,Male,White,Bachelors,Prof-specialty,40,0,0,1,1
34,Male,White,Masters,Exec-managerial,42,0,0,1,1
28,Female,White,Some-college,Prof-specialty,49,0,0,0,1
49,Male,White,Bachelors,Prof-specialty,27,0,0,1,1
27,Male,Black,Masters,Exec-managerial,48,0,0,1,1
39,Male,White,Bachelors,Prof-specialty,34,0,0,1,1
34,Male,White,Masters,Adm-clerical,50,0,0,1,1
21,Male,White,Bachelors,Prof-specialty,43,0,0,1,1
64,Male,White,Doctorate,Adm-clerical,37,0,0,1,1
42,Female,White,HS-grad,Adm-clerical,34,0,0,0,0
38,Male,Black,HS-grad,Adm-clerical,48,0,0,0,0
54,Male,White,Masters,Craft-repair,52,0,0,1,1
55,Female,White,Bachelors,Other-service,34,0,0,0,0
18,Male,White,Doctorate,Craft-repair,28,0,0,1,1
42,Male,White,HS-grad,Prof-specialty,46,16277,0,1,1
53,Male,White,Masters,Other-service,25,0,0,1,1
34,Female,White,Bachelors,Other-service,26,1678,0,0,0
58,Male,White,Masters,Other-service,29,0,0,1,1
41,Male,White,Bachelors,Exec-managerial,35,1299,0,1,1
19,Male,White,HS-grad,Prof-specialty,26,0,0,0,0
57,Male,White,Bachelors,Craft-repair,20,0,0,0,0
32,Male,White,Doctorate,Other-service,28,0,0,1,1
49,Female,White,HS-grad,Other-service,46,19649,0,0,0
56,Male,Black,Some-college,Sales,27,0,0,0,0
23,Male,White,Some-college,Other-service,36,0,2477,0,0
18,Male,White,Bachelors,Other-service,59,0,0,1,1
64,Male,White,Masters,Sales,39,0,0,1,1
40,Female,White,Bachelors,Prof-specialty,43,0,0,0,1
56,Male,White,HS-grad,Craft-repair,30,13852,0,0,0
34,Male,White,Doctorate,Adm-clerical,61,0,0,1,1
51,Male,White,Masters,Craft-repair,34,0,0,1,1
58,Male,White,Masters,Prof-specialty,37,6642,0,1,1
46,Male,White,HS-grad,Craft-repair,53,0,0,0,0
26,Female,Black,HS-grad,Sales,38,0,0,0,0
30,Male,White,Bachelors,Other-service,40,19260,0,1,1
23,Female,White,Doctorate,Other-service,37,0,0,1,1
23,Female,White,HS-grad,Adm-clerical,37,0,0,0,0
37,Female,White,Doctorate,Prof-specialty,43,14481,0,1,1
20,Male,White,Bachelors,Other-service,45,0,0,1,1
34,Male,White,HS-grad,Prof-specialty,33,0,0,0,0
29,Female,White,HS-grad,Exec-managerial,32,0,0,0,0
64,Female,White,Bachelors,Adm-clerical,33,0,0,0,0
62,Female,White,HS-grad,Prof-specialty,25,0,0,0,0
18,Male,Black,Some-college,Craft-repair,24,0,0,0,0
34,Male,White,Some-college,Craft-repair,42,0,0,0,0
20,Female,White,HS-grad,Craft-repair,49,14924,0,0,0
43,Male,White,HS-grad,Craft-repair,48,0,0,0,0
32,Male,Black,Bachelors,Prof-specialty,16,0,0,0,1
53,Male,White,Some-college,Sales,37,0,0,0,0
49,Male,White,Bachelors,Adm-clerical,28,0,0,1,1
49,Male,White,Some-college,Craft-repair,41,0,0,0,0
21,Male,White,HS-grad,Prof-specialty,35,0,0,0,0
35,Male,White,HS-grad,Other-service,45,0,0,0,0
36,Male,Amer-Indian-Eskimo,Some-college,Other-service,39,0,0,0,0
60,Male,White,Bachelors,Prof-specialty,21,0,0,1,1
52,Male,White,Masters,Craft-repair,30,0,0,1,1
57,Female,White,HS-grad,Exec-managerial,40,0,0,0,0
31,Male,White,Bachelors,Prof-specialty,40,0,0,1,1
50,Male,White,HS-grad,Adm-clerical,25,0,2530,0,0
31,Female,Asian-Pac-Islander,Masters,Adm-clerical,24,0,0,1,1
51,Female,White,Doctorate,Exec-managerial,40,0,0,1,1
21,Male,Asian-Pac-Islander,Bachelors,Other-service,25,0,0,1,1
41,Male,White,Some-college,Other-service,23,14155,2310,0,0
46,Male,White,Bachelors,Prof-specialty,35,0,0,1,1
36,Male,White,Bachelors,Exec-managerial,35,0,0,1,1
23,Female,White,HS-grad,Prof-specialty,31,0,0,0,0
50,Female,White,Bachelors,Prof-specialty,32,0,0,0,1
57,Female,White,Bachelors,Exec-managerial,40,0,0,1,1
36,Male,White,Some-college,Other-service,32,0,0,0,0
18,Male,White,HS-grad,Sales,40,0,0,0,0
22,Female,White,Bachelors,Craft-repair,36,0,0,0,1
44,Male,White,Bachelors,Craft-repair,41,2286,0,1,1
33,Male,White,Doctorate,Craft-repair,48,0,0,1,1
23,Female,White,Some-college,Exec-managerial,48,0,0,0,1
57,Male,White,HS-grad,Prof-specialty,52,0,461,0,0
30,Male,White,Bachelors,Prof-specialty,48,0,0,1,1
52,Female,White,Bachelors,Adm-clerical,42,0,0,0,0
36,Male,White,Bachelors,Prof-specialty,35,0,0,1,1
29,Male,White,Bachelors,Other-service,36,0,0,1,1
33,Male,White,HS-grad,Sales,31,0,0,0,0
60,Male,White,Bachelors,Craft-repair,40,0,0,0,0
27,Male,White,HS-grad,Other-service,46,0,0,0,0
42,Male,White,HS-grad,Other-service,32,9412,0,0,0
37,Male,Asian-Pac-Islander,Some-college,Sales,39,0,0,0,0
48,Female,White,Some-college,Craft-repair,33,0,732,0,0
21,Male,White,Masters,Exec-managerial,42,0,0,1,1
61,Female,White,HS-grad,Sales,34,0,0,0,0
40,Male,White,HS-grad,Other-service,32,0,0,0,0
19,Female,White,HS-grad,Prof-specialty,33,19825,0,0,0
39,Male,White,Doctorate,Craft-repair,45,0,0,1,1
54,Male,Black,HS-grad,Adm-clerical,39,0,0,0,0
25,Female,White,Some-college,Sales,35,0,0,0,0
24,Male,White,Some-college,Other-service,42,0,0,0,0
31,Male,White,HS-grad,Exec-managerial,35,0,0,0,0
20,Male,White,Masters,Other-service,51,0,0,1,1
33,Male,White,Bachelors,Adm-clerical,30,0,0,1,0
36,Male,White,Bachelors,Exec-managerial,38,0,0,1,1
35,Male,White,HS-grad,Craft-repair,25,0,0,0,0
33,Male,White,Bachelors,Sales,36,0,0,1,1
25,Male,White,Some-college,Exec-managerial,23,0,0,0,0
50,Male,White,Bachelors,Adm-clerical,47,0,0,1,1
29,Male,White,HS-grad,Other-service,47,0,0,0,0
28,Male,Black,Masters,Adm-clerical,47,5743,0,1,1
22,Male,White,Masters,Prof-specialty,40,0,0,1,1
44,Female,White,HS-grad,Exec-managerial,31,17844,0,0,0
29,Female,White,Some-college,Sales,31,0,0,0,0
34,Female,White,Masters,Sales,55,0,0,1,1
23,Male,White,HS-grad,Other-service,54,0,0,0,0
50,Female,White,Bachelors,Other-service,41,8629,0,1,1
22,Male,White,HS-grad,Other-service,34,1289,0,0,0
45,Female,White,Some-college,Prof-specialty,53,0,0,0,0
31,Male,White,Masters,Adm-clerical,33,0,0,1,1
22,Male,Black,Some-college,Other-service,42,0,0,0,0
50,Male,Black,HS-grad,Exec-managerial,53,0,1859,0,0
58,Male,White,Bachelors,Other-service,31,0,0,1,1
36,Female,White,Bachelors,Adm-clerical,48,0,0,0,1
39,Female,White,HS-grad,Exec-managerial,45,0,0,0,0
22,Female,White,Masters,Exec-managerial,39,0,0,1,1
19,Male,Black,Some-college,Exec-managerial,30,0,0,0,0
47,Male,White,HS-grad,Adm-clerical,32,0,0,0,0
64,Male,White,HS-grad,Other-service,42,0,0,0,0
56,Female,White,HS-grad,Adm-clerical,25,0,0,0,0
21,Male,White,HS-grad,Adm-clerical,41,0,0,0,0
50,Female,White,Bachelors,Craft-repair,45,0,0,0,1
30,Male,White,Bachelors,Adm-clerical,49,0,0,1,1
37,Male,White,Bachelors,Prof-specialty,26,0,0,1,1
24,Female,White,Bachelors,Craft-repair,53,0,1874,0,0
32,Male,Asian-Pac-Islander,Bachelors,Exec-managerial,56,0,0,1,1
40,Male,White,Bachelors,Other-service,44,0,0,1,1
31,Male,White,Masters,Sales,29,0,0,1,1
40,Female,White,HS-grad,Other-service,36,0,0,0,0
36,Male,White,Some-college,Craft-repair,39,0,0,0,0
46,Male,White,Bachelors,Craft-repair,42,0,0,0,0
37,Male,White,HS-grad,Exec-managerial,40,0,0,0,0
46,Male,White,HS-grad,Adm-clerical,42,0,0,0,0
41,Male,White,Bachelors,Adm-clerical,39,0,0,1,1
35,Male,White,Some-college,Craft-repair,42,0,0,0,0
27,Female,Black,Bachelors,Adm-clerical,35,0,0,0,0
58,Female,White,Some-college,Craft-repair,36,0,0,0,0
25,Male,White,Some-college,Other-service,34,0,1123,0,0
43,Female,Asian-Pac-Islander,HS-grad,Sales,59,0,0,0,0
46,Male,White,HS-grad,Other-service,54,0,0,0,0
27,Male,White,Masters,Sales,45,0,0,1,1
34,Male,White,HS-grad,Exec-managerial,53,0,0,0,0
19,Male,White,Masters,Prof-specialty,47,0,0,1,1
23,Male,White,Bachelors,Prof-specialty,41,0,0,1,1
22,Male,White,Bachelors,Other-service,24,0,0,1,1
45,Female,White,HS-grad,Adm-clerical,37,0,0,0,0
58,Male,White,HS-grad,Prof-specialty,36,0,0,0,0
22,Male,White,Some-college,Sales,28,0,0,0,0
35,Male,White,Bachelors,Exec-managerial,25,0,0,1,1
43,Male,White,Some-college,Sales,44,0,0,0,0
37,Male,White,Bachelors,Craft-repair,43,0,0,0,1
58,Male,White,HS-grad,Adm-clerical,28,0,0,0,0
44,Female,Asian-Pac-Islander,HS-grad,Adm-clerical,32,0,0,0,0
29,Female,White,HS-grad,Prof-specialty,51,0,0,0,0
24,Male,White,Bachelors,Craft-repair,31,0,0,1,1
20,Female,White,HS-grad,Prof-specialty,41,0,0,0,0
27,Female,White,Some-college,Prof-specialty,38,0,0,0,0
51,Male,Asian-Pac-Islander,HS-grad,Prof-specialty,45,6535,0,1,1
42,Male,White,HS-grad,Craft-repair,31,0,0,0,0
52,Female,White,Some-college,Prof-specialty,40,0,0,0,0
33,Male,White,Doctorate,Adm-clerical,41,0,0,1,1
19,Female,Black,HS-grad,Prof-specialty,42,0,0,0,0
41,Male,Black,HS-grad,Craft-repair,40,0,0,0,0
27,Male,White,Some-college,Craft-repair,43,0,0,0,0
55,Male,Black,Masters,Sales,61,0,0,1,1
39,Male,White,Bachelors,Prof-specialty,65,0,0,1,1
43,Female,White,HS-grad,Craft-repair,33,5326,0,0,0
60,Male,White,Some-college,Other-service,16,0,0,0,0
56,Male,Black,Bachelors,Prof-specialty,45,0,0,1,1
44,Female,White,Some-college,Exec-managerial,41,0,0,0,0
46,Male,White,Bachelors,Adm-clerical,50,0,0,1,1
64,Male,White,Some-college,Adm-clerical,42,0,0,0,0
55,Male,White,HS-grad,Other-service,40,0,0,0,0
37,Male,Black,HS-grad,Prof-specialty,51,9481,0,1,0
44,Male,White,Some-college,Adm-clerical,52,0,0,0,0
58,Male,Asian-Pac-Islander,HS-grad,Adm-clerical,26,0,0,0,0
37,Male,Other,HS-grad,Exec-managerial,31,0,0,0,0
61,Female,White,Bachelors,Adm-clerical,38,0,0,0,0
36,Male,White,Bachelors,Adm-clerical,40,0,0,1,0
37,Male,White,Bachelors,Craft-repair,37,0,0,1,0
52,Male,White,Masters,Adm-clerical,44,0,0,1,1
64,Female,White,Bachelors,Prof-specialty,49,0,0,1,1
19,Male,White,Bachelors,Adm-clerical,57,0,0,1,1
47,Female,White,HS-grad,Prof-specialty,45,0,0,0,0
51,Male,Black,Masters,Adm-clerical,31,0,0,1,1
39,Female,White,Doctorate,Prof-specialty,38,0,0,1,1
20,Male,White,Bachelors,Adm-clerical,39,11871,0,1,1
23,Male,Black,Bachelors,Other-service,45,0,0,1,0
32,Male,White,Some-college,Prof-specialty,43,0,0,0,0
44,Female,White,HS-grad,Adm-clerical,60,0,0,0,0
27,Male,White,Some-college,Exec-managerial,35,0,0,0,0
26,Male,White,Some-college,Craft-repair,43,0,0,0,0
50,Male,White,Some-college,Craft-repair,63,0,0,0,0
49,Female,White,Bachelors,Craft-repair,34,0,0,0,0
23,Female,White,Some-college,Craft-repair,41,0,0,0,0
58,Male,White,Some-college,Exec-managerial,30,0,0,0,0
53,Male,White,Masters,Other-service,40,0,0,1,1
19,Male,White,HS-grad,Other-service,32,0,0,0,0
46,Female,White,HS-grad,Exec-managerial,50,0,0,0,0
21,Female,White,Bachelors,Adm-clerical,41,0,0,0,0
18,Male,White,HS-grad,Exec-managerial,30,0,0,0,0
36,Male,White,Masters,Craft-repair,48,0,0,1,1
43,Female,White,HS-grad,Other-service,41,0,0,0,0
42,Female,White,HS-grad,Sales,49,0,0,0,0
27,Male,White,HS-grad,Adm-clerical,28,0,0,0,0
32,Male,White,Masters,Prof-specialty,43,0,0,1,1
39,Male,White,Some-college,Other-service,47,0,0,0,1
38,Male,White,Bachelors,Craft-repair,35,0,0,1,1
39,Male,White,HS-grad,Other-service,27,0,0,0,0
53,Male,White,Bachelors,Craft-repair,39,0,0,0,1
51,Male,White,Masters,Craft-repair,52,0,0,1,1
47,Male,White,Doctorate,Other-service,51,0,0,1,1
42,Male,Black,Some-college,Other-service,35,0,0,0,0
62,Male,White,HS-grad,Other-service,27,0,0,0,0
45,Female,White,Some-college,Exec-managerial,35,0,0,0,0
18,Male,White,Bachelors,Other-service,35,0,0,1,1
62,Male,White,Masters,Prof-specialty,44,0,0,1,1
21,Male,White,Bachelors,Adm-clerical,38,0,0,0,0
24,Female,White,Some-college,Craft-repair,32,7766,0,0,1
26,Female,White,HS-grad,Other-service,51,0,0,0,0
53,Male,Asian-Pac-Islander,Masters,Prof-specialty,41,0,0,1,1
36,Female,Black,Some-college,Sales,44,0,0,0,0
18,Male,White,Bachelors,Other-service,22,0,0,1,1
27,Female,Other,Bachelors,Exec-managerial,15,0,0,1,1
53,Male,White,Some-college,Craft-repair,25,0,0,0,0
26,Male,White,HS-grad,Prof-specialty,35,0,0,0,0
62,Male,White,Bachelors,Other-service,45,0,0,1,1
63,Male,White,HS-grad,Prof-specialty,16,0,0,0,0
59,Male,White,Masters,Craft-repair,55,4149,0,1,1
49,Female,White,Bachelors,Prof-specialty,41,0,0,0,1
49,Female,White,HS-grad,Prof-specialty,53,0,0,0,0
23,Male,White,Bachelors,Other-service,31,0,0,0,1
55,Male,White,HS-grad,Other-service,45,0,0,0,0
34,Male,White,Some-college,Adm-clerical,40,0,0,0,0
27,Male,White,Some-college,Exec-managerial,48,0,0,1,1
44,Male,Black,Masters,Adm-clerical,37,0,0,1,1
52,Male,White,Bachelors,Exec-managerial,44,0,0,1,1
38,Female,White,Some-college,Exec-managerial,51,0,1701,0,1
42,Male,Asian-Pac-Islander,HS-grad,Adm-clerical,33,0,0,0,0
45,Male,White,Bachelors,Craft-repair,42,0,0,1,1
64,Male,White,Some-college,Prof-specialty,21,0,0,1,0
32,Male,White,Some-college,Sales,47,0,0,0,1
21,Male,White,Doctorate,Adm-clerical,59,0,0,1,1
46,Female,White,Doctorate,Adm-clerical,27,0,0,1,1
26,Male,White,Bachelors,Craft-repair,39,0,0,0,1
44,Male,White,Bachelors,Prof-specialty,48,0,0,1,1
43,Female,White,Masters,Other-service,40,0,0,1,1
36,Male,Black,Bachelors,Adm-clerical,41,0,0,0,0
45,Female,White,HS-grad,Sales,36,16473,0,0,0
34,Male,Black,Some-college,Prof-specialty,35,0,0,0,0
60,Male,Black,Some-college,Adm-clerical,39,0,0,0,0
58,Female,White,HS-grad,Other-service,40,0,0,0,0
59,Female,White,Some-college,Adm-clerical,28,0,0,0,0
37,Male,White,Some-college,Other-service,39,0,0,0,0
62,Male,Black,Masters,Exec-managerial,55,8660,0,1,1
57,Female,White,Bachelors,Exec-managerial,35,0,0,0,1
56,Male,White,HS-grad,Adm-clerical,27,0,0,0,0
40,Male,White,HS-grad,Craft-repair,38,0,0,0,0
64,Female,White,Bachelors,Exec-managerial,32,0,0,1,1
49,Male,Black,HS-grad,Adm-clerical,26,0,0,0,0
64,Female,White,Bachelors,Other-service,41,12671,0,0,1
50,Female,Black,HS-grad,Prof-specialty,32,0,0,0,0
63,Female,White,Some-college,Other-service,33,0,0,0,0
22,Female,White,Bachelors,Sales,41,0,0,0,0
60,Male,Asian-Pac-Islander,Doctorate,Exec-managerial,24,0,0,1,1
51,Male,White,Masters,Adm-clerical,22,0,0,1,1
57,Male,Black,Bachelors,Exec-managerial,46,0,0,1,1
28,Female,White,Some-college,Other-service,20,0,0,0,0
20,Female,White,Masters,Other-service,30,0,0,1,1
50,Male,White,HS-grad,Prof-specialty,22,0,0,0,0
28,Male,Asian-Pac-Islander,Some-college,Craft-repair,35,0,0,0,0
33,Female,Asian-Pac-Islander,HS-grad,Adm-clerical,44,0,0,0,0
35,Male,White,Masters,Prof-specialty,41,0,0,1,1
47,Male,White,Bachelors,Sales,63,0,0,1,1
27,Male,White,Some-college,Adm-clerical,50,0,0,0,0
35,Female,White,HS-grad,Sales,30,0,0,0,0
55,Female,White,Masters,Craft-repair,28,0,0,1,1
36,Female,White,Bachelors,Adm-clerical,67,0,0,0,1
53,Male,Asian-Pac-Islander,Masters,Adm-clerical,50,0,0,1,1
30,Female,White,Some-college,Prof-specialty,45,0,3064,0,1
63,Male,White,HS-grad,Exec-managerial,40,0,0,0,0
20,Female,White,Masters,Adm-clerical,42,0,0,1,1
27,Male,White,HS-grad,Craft-repair,25,0,0,0,0
55,Male,Asian-Pac-Islander,Some-college,Adm-clerical,41,0,0,0,0
18,Male,White,HS-grad,Adm-clerical,40,0,0,0,0
44,Male,Black,Some-college,Adm-clerical,30,0,0,0,0
63,Female,Asian-Pac-Islander,Some-college,Adm-clerical,34,0,0,0,0
25,Female,White,HS-grad,Craft-repair,55,0,0,0,0
63,Female,White,Bachelors,Prof-specialty,38,0,0,1,1
59,Female,White,HS-grad,Exec-managerial,60,0,0,0,0
34,Male,White,Some-college,Craft-repair,22,0,0,0,0
26,Female,White,Bachelors,Craft-repair,34,0,0,0,1
23,Female,White,HS-grad,Sales,24,0,0,0,0
60,Female,White,Some-college,Exec-managerial,27,0,0,0,0
42,Male,White,HS-grad,Prof-specialty,31,0,0,0,0
56,Male,White,Masters,Other-service,43,0,0,1,1
45,Female,White,Bachelors,Prof-specialty,42,0,0,0,1
50,Male,White,Bachelors,Other-service,33,0,0,0,1
54,Female,White,Some-college,Sales,17,0,0,0,0
26,Female,White,Bachelors,Sales,54,0,0,0,1
35,Male,White,HS-grad,Craft-repair,37,0,0,0,0
38,Female,White,Some-college,Prof-specialty,28,0,0,0,0
19,Female,White,HS-grad,Other-service,42,0,0,0,0
60,Male,White,Some-college,Prof-specialty,42,0,0,0,0
55,Male,White,Some-college,Other-service,36,0,3351,0,0
57,Female,White,HS-grad,Prof-specialty,41,0,0,0,0
53,Male,Asian-Pac-Islander,Bachelors,Craft-repair,28,0,0,0,1
60,Male,White,Doctorate,Other-service,47,0,0,1,1
54,Female,White,HS-grad,Prof-specialty,30,0,0,0,0
32,Female,White,Bachelors,Adm-clerical,33,0,0,0,1
45,Female,White,Doctorate,Sales,46,0,0,1,1
35,Male,White,Bachelors,Sales,52,0,0,1,1
51,Male,Asian-Pac-Islander,Some-college,Other-service,55,0,0,0,0
39,Female,White,Bachelors,Sales,50,0,0,1,1
28,Male,Black,Bachelors,Sales,36,0,0,0,1
30,Female,White,Bachelors,Adm-clerical,24,0,0,0,0
21,Female,Other,Some-college,Exec-managerial,54,0,0,0,1
39,Female,White,Masters,Prof-specialty,53,0,0,1,1
24,Male,White,Some-college,Other-service,33,0,0,0,0
60,Male,White,HS-grad,Sales,49,0,0,0,0
41,Female,White,HS-grad,Prof-specialty,36,0,0,0,0
21,Male,White,Bachelors,Prof-specialty,55,0,0,1,1
45,Male,White,HS-grad,Adm-clerical,34,2482,0,0,0
32,Male,White,Masters,Prof-specialty,59,0,2650,1,1
18,Male,White,Masters,Sales,47,0,0,1,1
20,Female,White,HS-grad,Other-service,57,0,0,0,0
31,Female,White,Some-college,Prof-specialty,35,0,987,0,0
55,Female,Asian-Pac-Islander,Bachelors,Adm-clerical,44,0,0,0,0
18,Male,White,Some-college,Other-service,30,0,0,0,0
55,Female,White,Bachelors,Other-service,48,0,0,0,1
55,Male,White,HS-grad,Other-service,48,0,0,0,0
38,Male,White,HS-grad,Sales,63,0,0,0,0
46,Male,Black,HS-grad,Adm-clerical,44,0,0,0,0
22,Female,White,Masters,Craft-repair,47,0,0,1,1
27,Female,White,HS-grad,Exec-managerial,35,0,0,0,0
45,Female,Black,HS-grad,Prof-specialty,45,0,0,0,0
38,Female,White,Doctorate,Prof-specialty,36,7546,0,1,1
24,Female,White,Masters,Prof-specialty,41,0,0,1,1
20,Male,Black,Some-college,Craft-repair,41,0,0,0,0
62,Female,White,Bachelors,Other-service,36,0,0,0,0
64,Male,White,Masters,Other-service,40,0,0,1,1
37,Male,White,Masters,Exec-managerial,36,0,0,1,1
36,Male,White,HS-grad,Adm-clerical,36,8587,0,0,0
52,Female,Black,HS-grad,Craft-repair,50,0,0,0,0
21,Male,White,HS-grad,Craft-repair,41,0,0,0,0
22,Male,White,Bachelors,Sales,43,0,0,0,1
18,Female,White,Bachelors,Other-service,25,0,0,0,0
21,Female,White,Bachelors,Craft-repair,44,0,0,0,0
29,Female,White,Masters,Craft-repair,45,0,0,1,1
44,Male,White,Masters,Prof-specialty,36,0,0,1,1
59,Male,White,Some-college,Other-service,60,0,0,0,1
40,Male,Asian-Pac-Islander,Doctorate,Sales,17,0,0,1,1
42,Male,White,Bachelors,Adm-clerical,47,1748,2751,1,1
38,Male,White,Some-college,Exec-managerial,47,0,0,1,1
41,Female,White,Some-college,Adm-clerical,45,0,0,0,0
42,Male,White,HS-grad,Sales,41,0,0,0,0
62,Male,White,Masters,Prof-specialty,45,0,0,1,1
63,Male,White,Some-college,Exec-managerial,48,0,0,1,1
49,Male,Black,HS-grad,Adm-clerical,32,0,0,0,0
49,Male,Other,Some-college,Other-service,42,0,0,0,0
22,Male,White,Bachelors,Other-service,38,0,0,1,1
53,Female,White,Bachelors,Exec-managerial,29,0,0,0,1
63,Male,White,HS-grad,Exec-managerial,47,0,0,0,0
59,Male,White,Masters,Exec-managerial,34,0,0,1,1
59,Male,White,Some-college,Craft-repair,25,0,0,0,0
56,Male,White,Some-college,Sales,34,0,0,0,0
33,Male,White,HS-grad,Other-service,32,0,0,0,0
50,Male,White,Bachelors,Other-service,50,0,0,1,1
38,Male,White,Some-college,Sales,41,0,0,0,0
26,Male,White,Masters,Prof-specialty,53,0,0,1,1
23,Male,White,Bachelors,Other-service,33,8155,1699,1,1
62,Male,Black,HS-grad,Adm-clerical,48,0,0,0,0
52,Male,Asian-Pac-Islander,Doctorate,Prof-specialty,68,0,0,1,1
56,Male,White,Some-college,Adm-clerical,43,17109,0,0,0
39,Male,White,HS-grad,Exec-managerial,48,0,0,0,1
58,Male,White,HS-grad,Other-service,46,0,0,0,0
22,Male,White,Some-college,Adm-clerical,25,0,389,0,0
59,Male,White,Masters,Adm-clerical,45,0,0,1,1
40,Male,White,HS-grad,Exec-managerial,43,0,0,0,0
34,Male,White,HS-grad,Prof-specialty,37,0,0,0,0
29,Male,White,Doctorate,Adm-clerical,31,0,0,1,1
40,Female,White,Bachelors,Other-service,46,5372,0,1,1
33,Female,Asian-Pac-Islander,Bachelors,Prof-specialty,30,0,0,1,1
20,Female,White,HS-grad,Prof-specialty,61,0,0,0,0
47,Female,White,HS-grad,Sales,41,0,0,0,0
39,Female,White,Masters,Other-service,27,0,0,1,1
26,Female,White,Bachelors,Other-service,34,0,0,0,0
46,Male,White,Masters,Exec-managerial,37,0,3809,1,1
64,Male,White,HS-grad,Exec-managerial,64,0,0,0,0
54,Male,White,Bachelors,Craft-repair,31,0,0,1,1
40,Female,White,Bachelors,Other-service,38,0,0,0,0
30,Female,White,Some-college,Prof-specialty,34,0,0,0,0
49,Male,White,Some-college,Craft-repair,44,0,0,0,0
63,Female,White,Bachelors,Other-service,34,0,0,0,0
64,Male,White,Some-college,Exec-managerial,28,0,0,0,0
40,Male,White,Masters,Exec-managerial,38,0,0,1,1
62,Male,White,Some-college,Other-service,37,0,0,0,0
34,Male,White,HS-grad,Craft-repair,34,0,1666,0,0
57,Male,White,Masters,Exec-managerial,34,0,0,1,1
38,Female,Other,Bachelors,Exec-managerial,51,0,0,1,1
19,Female,Black,HS-grad,Sales,36,8996,0,0,0
54,Female,White,Some-college,Adm-clerical,28,0,0,0,0
23,Male,Black,HS-grad,Other-service,35,18241,0,0,0
61,Female,White,HS-grad,Sales,40,0,0,0,0
35,Male,Asian-Pac-Islander,Bachelors,Adm-clerical,26,0,0,1,1
47,Male,White,Doctorate,Other-service,56,0,0,1,1
39,Female,White,Masters,Sales,48,0,0,1,1
50,Male,White,HS-grad,Sales,54,0,0,0,0
47,Male,White,Some-college,Other-service,43,0,0,0,0
34,Male,White,Bachelors,Prof-specialty,19,0,0,1,1
60,Female,Black,HS-grad,Craft-repair,55,0,0,0,0
49,Male,White,Some-college,Other-service,31,0,0,0,0
59,Male,White,HS-grad,Sales,32,0,0,0,0
31,Male,White,HS-grad,Prof-specialty,41,0,0,0,0
27,Female,White,HS-grad,Sales,53,0,0,0,0
64,Female,White,Some-college,Craft-repair,50,0,0,0,0
53,Male,White,Bachelors,Prof-specialty,49,0,0,1,1
51,Male,White,Some-college,Other-service,36,0,0,0,0
26,Male,White,Some-college,Adm-clerical,36,0,0,0,0
59,Male,White,Bachelors,Craft-repair,43,0,0,1,1
45,Female,White,Doctorate,Exec-managerial,38,0,0,1,1
28,Male,White,HS-grad,Other-service,48,0,0,0,0
31,Male,Black,HS-grad,Other-service,48,0,0,0,0
56,Female,White,Some-college,Other-service,45,0,0,0,0
64,Female,White,Some-college,Prof-specialty,14,0,0,0,0
36,Female,White,Bachelors,Exec-managerial,41,0,0,0,1
32,Female,White,HS-grad,Prof-specialty,38,0,0,0,0
45,Female,White,HS-grad,Adm-clerical,41,0,0,0,0
41,Female,White,HS-grad,Prof-specialty,32,0,0,0,0
25,Male,White,HS-grad,Other-service,26,0,0,0,0
60,Female,White,Bachelors,Sales,44,0,0,0,1
26,Male,White,Masters,Exec-managerial,36,0,0,1,1
64,Male,White,HS-grad,Exec-managerial,45,0,0,0,0
50,Male,White,Bachelors,Prof-specialty,33,0,0,1,1
50,Female,White,Some-college,Sales,54,0,0,0,0
36,Female,White,Some-college,Sales,50,0,0,0,0
20,Male,White,HS-grad,Prof-specialty,42,0,0,0,0
27,Male,White,HS-grad,Craft-repair,37,0,0,0,0
57,Female,White,Masters,Adm-clerical,48,0,0,1,1
64,Female,White,HS-grad,Prof-specialty,43,0,0,0,0
59,Male,White,Bachelors,Other-service,42,0,0,1,1
18,Male,White,Doctorate,Sales,50,0,0,1,1
46,Male,White,Bachelors,Adm-clerical,54,0,0,1,1
51,Male,White,Bachelors,Prof-specialty,27,0,0,1,1
30,Female,White,Bachelors,Adm-clerical,29,0,0,0,1
18,Male,White,Bachelors,Craft-repair,32,0,0,1,0
51,Male,White,Bachelors,Sales,24,0,0,0,1
46,Male,White,Some-college,Craft-repair,39,0,0,0,0
64,Male,White,HS-grad,Craft-repair,46,3408,0,0,0
30,Male,White,Bachelors,Sales,39,0,0,0,1
46,Male,White,Bachelors,Other-service,34,0,0,0,0
56,Female,Black,Some-college,Craft-repair,51,0,0,0,0
41,Male,Asian-Pac-Islander,HS-grad,Prof-specialty,41,0,0,0,0
43,Female,Asian-Pac-Islander,HS-grad,Prof-specialty,43,0,0,0,0
34,Male,White,Some-college,Adm-clerical,51,0,0,0,0
24,Female,White,HS-grad,Prof-specialty,38,0,0,0,0
30,Male,White,HS-grad,Prof-specialty,60,0,0,0,0
22,Male,White,Bachelors,Adm-clerical,35,0,0,1,0
43,Male,White,HS-grad,Exec-managerial,59,0,0,0,1
20,Male,White,HS-grad,Sales,30,0,0,0,0
24,Female,Other,Masters,Prof-specialty,45,0,0,1,1
56,Female,White,HS-grad,Adm-clerical,33,0,0,0,0
18,Female,White,Masters,Craft-repair,51,0,0,1,1
34,Male,White,Bachelors,Craft-repair,35,0,0,1,1
60,Female,White,Bachelors,Other-service,42,0,0,0,0
42,Male,White,HS-grad,Prof-specialty,33,0,0,0,0
20,Female,White,Some-college,Sales,49,0,0,0,0
32,Female,White,HS-grad,Adm-clerical,33,0,0,0,0
46,Male,White,Masters,Other-service,56,0,0,1,1
60,Male,Black,HS-grad,Other-service,30,0,0,0,0
49,Male,White,Bachelors,Adm-clerical,26,0,0,1,1
43,Female,White,Bachelors,Adm-clerical,49,0,0,1,1
33,Male,White,HS-grad,Adm-clerical,34,0,0,0,0
42,Female,Black,Bachelors,Adm-clerical,39,0,0,0,0
45,Male,White,Bachelors,Sales,36,0,0,1,1
26,Male,White,Some-college,Adm-clerical,26,0,0,0,0
18,Male,White,Bachelors,Sales,39,17659,0,1,1
46,Male,Black,Masters,Sales,52,0,0,1,1
39,Female,White,HS-grad,Sales,50,0,0,0,0
33,Male,White,HS-grad,Craft-repair,42,0,0,0,0
58,Male,White,Masters,Exec-managerial,51,0,0,1,1
61,Male,White,HS-grad,Other-service,29,18771,0,0,0
58,Male,White,HS-grad,Prof-specialty,36,0,0,0,0
24,Female,White,Doctorate,Craft-repair,43,0,694,1,1
31,Male,White,Some-college,Exec-managerial,38,0,0,1,1
46,Female,Asian-Pac-Islander,Bachelors,Other-service,37,0,0,0,1
36,Female,White,Bachelors,Craft-repair,27,0,0,0,0
36,Female,Black,Some-college,Other-service,19,0,0,0,0
19,Male,White,HS-grad,Sales,48,0,0,0,0
58,Male,White,Masters,Sales,42,0,0,1,1
62,Female,White,HS-grad,Adm-clerical,49,6905,104,0,0
32,Female,White,Bachelors,Sales,35,0,0,0,0
20,Female,White,Masters,Craft-repair,32,0,0,1,1
28,Male,White,HS-grad,Other-service,40,0,0,0,0
63,Male,White,Bachelors,Prof-specialty,48,0,0,1,1
47,Male,White,HS-grad,Other-service,37,0,0,0,0
57,Female,White,Some-college,Sales,48,0,0,0,0
35,Male,White,Masters,Other-service,29,0,0,1,1
19,Male,White,Bachelors,Exec-managerial,38,0,0,1,1
49,Female,Black,HS-grad,Other-service,39,0,0,0,0
25,Male,White,Doctorate,Craft-repair,52,0,0,1,1
39,Male,White,Some-college,Exec-managerial,42,0,0,0,0
23,Male,Asian-Pac-Islander,Masters,Adm-clerical,57,0,0,1,1
29,Male,Asian-Pac-Islander,Bachelors,Adm-clerical,26,0,0,1,1
64,Male,White,Doctorate,Other-service,41,0,0,1,1
57,Male,White,Masters,Prof-specialty,41,0,0,1,1
53,Male,White,Bachelors,Craft-repair,46,0,0,1,1
32,Male,White,HS-grad,Prof-specialty,31,0,0,0,0
45,Male,White,HS-grad,Exec-managerial,56,0,0,0,1
62,Male,White,Masters,Prof-specialty,40,0,0,1,1
35,Male,White,Bachelors,Exec-managerial,29,0,0,1,1
19,Male,White,Masters,Prof-specialty,39,0,0,1,1
30,Male,White,Some-college,Adm-clerical,36,0,0,0,0
62,Male,White,Some-college,Craft-repair,67,18751,0,1,1
32,Male,White,Some-college,Prof-specialty,50,0,0,0,1
37,Male,White,Some-college,Other-service,40,0,0,0,0
46,Female,White,Bachelors,Exec-managerial,38,0,0,1,1
59,Male,White,Masters,Other-service,49,0,0,1,1
46,Female,White,HS-grad,Craft-repair,49,0,0,0,0
20,Male,White,Some-college,Other-service,10,0,0,0,0
36,Male,White,HS-grad,Adm-clerical,46,0,0,0,0
20,Male,White,Some-college,Adm-clerical,40,0,0,0,0
31,Female,White,Masters,Sales,26,0,0,0,1
57,Male,White,Some-college,Craft-repair,48,0,0,0,0
21,Male,White,Bachelors,Prof-specialty,62,0,0,1,1
28,Male,White,Bachelors,Adm-clerical,45,0,0,1,1
48,Male,White,Some-college,Prof-specialty,51,0,0,1,1
60,Female,White,Bachelors,Prof-specialty,58,0,0,1,1
49,Male,White,Some-college,Exec-managerial,31,0,0,0,0
44,Female,Asian-Pac-Islander,Bachelors,Other-service,21,0,0,0,0
47,Male,White,Masters,Prof-specialty,46,0,0,1,1
60,Male,White,HS-grad,Sales,37,0,0,0,0
19,Male,Asian-Pac-Islander,Masters,Craft-repair,26,0,0,1,1
26,Male,Black,Masters,Craft-repair,39,0,0,1,1
45,Male,White,HS-grad,Exec-managerial,47,0,0,0,0
48,Male,White,Bachelors,Sales,38,0,3089,1,1
51,Male,White,Bachelors,Other-service,32,0,0,1,1
32,Female,White,Masters,Sales,37,0,0,1,1
42,Female,White,HS-grad,Craft-repair,39,0,0,0,0
53,Female,White,Doctorate,Sales,20,0,0,1,1
25,Male,White,HS-grad,Other-service,38,0,0,0,0
26,Male,White,HS-grad,Adm-clerical,26,0,0,0,0
54,Male,White,HS-grad,Prof-specialty,46,0,0,0,0
62,Female,White,Bachelors,Prof-specialty,24,0,0,1,1
56,Female,White,HS-grad,Craft-repair,50,0,0,0,0
49,Male,White,Some-college,Craft-repair,35,0,0,0,0
34,Male,White,Some-college,Other-service,34,0,0,0,0
52,Male,White,HS-grad,Sales,42,0,0,0,0
54,Female,White,Masters,Other-service,31,0,0,1,1
36,Male,Asian-Pac-Islander,Some-college,Exec-managerial,42,0,0,0,1
61,Male,Black,HS-grad,Craft-repair,32,0,0,0,0
46,Female,White,Bachelors,Craft-repair,34,0,0,0,0
24,Female,White,Bachelors,Craft-repair,44,0,0,0,0
45,Male,White,HS-grad,Other-service,28,0,0,0,0
26,Female,White,Some-college,Other-service,27,0,0,0,0
45,Male,White,Masters,Sales,42,0,0,1,1
23,Male,White,Bachelors,Adm-clerical,39,0,0,1,1
46,Male,White,Bachelors,Craft-repair,41,0,0,0,0
34,Female,White,Some-college,Adm-clerical,43,0,0,0,0
33,Male,White,Some-college,Other-service,40,0,0,0,0
40,Male,Asian-Pac-Islander,Masters,Sales,46,0,0,1,1
48,Female,White,Masters,Other-service,40,0,0,1,1
20,Male,White,Bachelors,Exec-managerial,19,0,0,1,1
38,Female,White,Some-college,Prof-specialty,22,0,0,0,0
43,Male,White,Some-college,Prof-specialty,59,0,2783,1,1
53,Male,White,HS-grad,Other-service,40,0,0,0,0
59,Male,White,Doctorate,Prof-specialty,49,0,0,1,1
54,Female,White,Bachelors,Prof-specialty,36,0,0,0,1
39,Male,White,Bachelors,Sales,39,0,0,1,1
59,Male,White,Bachelors,Prof-specialty,35,0,0,1,1
29,Male,White,Bachelors,Sales,64,0,0,1,1
59,Female,Black,HS-grad,Exec-managerial,42,4919,0,0,0
30,Male,Black,HS-grad,Craft-repair,34,0,0,0,0
28,Male,White,HS-grad,Craft-repair,23,19966,0,0,0
33,Male,White,HS-grad,Craft-repair,59,0,0,0,0
25,Female,White,HS-grad,Sales,38,0,2595,0,0
57,Male,White,Bachelors,Sales,47,0,0,1,1
57,Male,White,Masters,Sales,48,0,0,1,1
62,Female,White,HS-grad,Exec-managerial,35,0,0,0,0
19,Female,White,HS-grad,Adm-clerical,46,0,2456,0,0
47,Male,White,Some-college,Sales,33,0,0,0,0
47,Female,White,Doctorate,Sales,30,0,0,1,1
29,Female,Black,Some-college,Craft-repair,51,0,0,0,0
27,Male,White,HS-grad,Other-service,38,0,0,0,0
61,Male,White,Bachelors,Prof-specialty,45,0,0,1,1
28,Female,White,Masters,Prof-specialty,44,0,0,1,1
32,Female,White,Bachelors,Exec-managerial,46,0,0,1,1
33,Male,White,HS-grad,Prof-specialty,24,0,0,0,0
34,Male,White,Bachelors,Adm-clerical,34,0,0,0,1
43,Male,White,Some-college,Craft-repair,36,0,0,0,0
19,Male,White,Bachelors,Exec-managerial,31,0,0,1,1
29,Male,White,Some-college,Prof-specialty,44,0,0,0,0
43,Male,White,Some-college,Prof-specialty,51,0,0,1,1
40,Female,Asian-Pac-Islander,HS-grad,Other-service,53,0,0,0,0
35,Female,White,Doctorate,Craft-repair,36,0,0,1,1
49,Male,White,Masters,Exec-managerial,42,0,0,1,1
55,Male,White,Some-college,Craft-repair,44,0,0,0,0
64,Male,Black,HS-grad,Exec-managerial,46,0,0,0,0
20,Male,White,Some-college,Prof-specialty,31,0,0,0,0
55,Female,White,HS-grad,Craft-repair,58,0,0,0,0
20,Female,Black,Some-college,Craft-repair,49,0,0,0,0
47,Male,White,HS-grad,Adm-clerical,49,0,0,0,0
18,Male,White,HS-grad,Other-service,52,0,0,0,0
47,Male,White,Some-college,Craft-repair,45,0,0,0,0
62,Male,White,Some-college,Exec-managerial,29,0,0,0,0
49,Male,White,Masters,Adm-clerical,38,0,0,1,1
45,Female,White,Bachelors,Craft-repair,23,0,0,0,0
38,Female,White,HS-grad,Craft-repair,44,0,0,0,0
63,Male,White,Some-college,Adm-clerical,38,0,0,0,0
30,Female,White,Some-college,Prof-specialty,39,0,0,0,0
44,Female,White,Some-college,Craft-repair,52,0,0,0,0
53,Female,White,Bachelors,Sales,35,0,0,0,0
24,Female,White,HS-grad,Other-service,37,0,0,0,0
39,Male,White,Masters,Prof-specialty,40,0,0,1,1
27,Male,Black,Some-college,Craft-repair,21,0,0,0,0
56,Female,White,Bachelors,Prof-specialty,37,0,0,0,1
32,Female,Black,Some-college,Exec-managerial,15,9955,0,0,0
32,Female,White,HS-grad,Prof-specialty,34,0,0,0,0
21,Male,White,Bachelors,Adm-clerical,48,0,0,1,1
49,Male,White,HS-grad,Craft-repair,44,0,0,0,0
40,Male,White,HS-grad,Prof-specialty,34,0,0,0,0
23,Male,Other,HS-grad,Sales,40,0,0,0,0
41,Male,Black,Bachelors,Exec-managerial,29,0,0,0,1
37,Male,White,Bachelors,Exec-managerial,39,0,0,1,1
54,Male,White,Some-college,Prof-specialty,69,19923,0,1,1
37,Male,White,Bachelors,Adm-clerical,58,0,0,1,1
29,Male,White,Bachelors,Exec-managerial,40,14766,0,1,1
50,Male,White,HS-grad,Prof-specialty,41,0,0,0,0
45,Male,White,HS-grad,Prof-specialty,30,0,0,0,0
25,Male,White,Some-college,Exec-managerial,31,0,0,0,0
18,Female,White,HS-grad,Prof-specialty,43,0,0,0,0
54,Male,White,Some-college,Prof-specialty,34,0,0,0,0
39,Male,White,Masters,Other-service,49,0,0,1,1
23,Female,White,Bachelors,Sales,55,0,0,0,1
38,Male,White,Bachelors,Prof-specialty,43,0,0,1,1
49,Female,White,HS-grad,Other-service,41,0,0,0,0
52,Male,White,HS-grad,Other-service,23,0,0,0,0
32,Female,White,Doctorate,Prof-specialty,47,0,0,1,1
22,Male,White,Masters,Adm-clerical,28,19284,0,1,1
63,Female,White,HS-grad,Exec-managerial,35,0,0,0,0
23,Female,Black,Bachelors,Other-service,49,18940,3065,1,1
42,Male,Asian-Pac-Islander,Bachelors,Other-service,50,0,0,1,1
63,Male,White,Masters,Adm-clerical,35,0,0,1,1
57,Male,White,HS-grad,Craft-repair,35,0,0,0,0
46,Male,White,HS-grad,Adm-clerical,33,0,0,0,0
24,Male,White,Bachelors,Craft-repair,28,0,0,1,1
57,Female,White,Masters,Craft-repair,33,0,0,1,1
30,Male,White,Some-college,Adm-clerical,23,0,0,0,0
55,Male,White,HS-grad,Sales,46,0,0,0,0
35,Female,White,HS-grad,Adm-clerical,43,0,0,0,0
19,Male,White,Some-college,Other-service,45,0,0,1,0
25,Male,White,HS-grad,Exec-managerial,30,0,0,0,0
28,Female,White,Masters,Adm-clerical,28,0,3627,1,1
50,Female,White,Bachelors,Sales,40,0,0,0,0
55,Male,White,Masters,Adm-clerical,40,0,0,1,1
44,Female,White,Bachelors,Sales,38,0,0,0,0
37,Male,White,Some-college,Exec-managerial,37,0,0,0,0
29,Male,Black,Doctorate,Prof-specialty,57,0,0,1,1
60,Male,White,Some-college,Sales,44,0,0,0,0
48,Male,White,Doctorate,Sales,59,0,0,1,1
44,Male,White,Masters,Other-service,52,0,0,1,1
49,Male,White,HS-grad,Sales,57,0,0,0,0
27,Female,White,Some-college,Exec-managerial,29,0,573,0,0
20,Male,White,Some-college,Craft-repair,45,0,0,0,0
62,Female,Amer-Indian-Eskimo,HS-grad,Sales,35,2850,0,0,0
44,Male,White,Some-college,Exec-managerial,23,0,0,0,1
52,Female,White,Masters,Other-service,54,0,0,1,1
48,Male,White,HS-grad,Other-service,37,0,0,0,0
32,Male,White,HS-grad,Prof-specialty,29,0,0,0,0
33,Male,White,Bachelors,Sales,35,0,0,1,1
30,Female,White,Bachelors,Craft-repair,32,0,0,0,0
52,Female,Black,Bachelors,Exec-managerial,33,0,3506,0,0
28,Male,White,HS-grad,Prof-specialty,37,0,0,0,0
38,Male,White,HS-grad,Craft-repair,57,0,0,0,0
28,Male,White,HS-grad,Prof-specialty,33,0,0,0,0
47,Female,White,Some-college,Craft-repair,56,0,0,0,0
52,Female,White,HS-grad,Adm-clerical,48,0,2781,0,0
39,Female,White,HS-grad,Adm-clerical,43,3734,0,0,0
55,Female,Black,Bachelors,Adm-clerical,47,0,0,0,0
48,Female,White,Bachelors,Prof-specialty,40,0,0,0,1
31,Male,White,Some-college,Adm-clerical,52,0,0,0,0
41,Female,Asian-Pac-Islander,Masters,Exec-managerial,45,0,0,1,1
49,Female,Black,Some-college,Exec-managerial,23,0,0,0,0
53,Female,White,Bachelors,Adm-clerical,42,0,0,0,1
49,Male,Black,Masters,Craft-repair,47,0,0,1,1
32,Male,White,HS-grad,Craft-repair,37,0,0,0,0
60,Male,White,Bachelors,Prof-specialty,41,0,0,1,1
52,Female,White,Bachelors,Craft-repair,33,0,0,0,0
20,Male,Black,Bachelors,Sales,26,0,0,0,0
33,Male,White,HS-grad,Craft-repair,24,0,0,0,0
22,Male,White,Bachelors,Exec-managerial,24,0,0,1,1
38,Male,White,Some-college,Other-service,46,0,0,0,0
27,Male,White,HS-grad,Craft-repair,15,0,0,0,0
36,Male,White,Bachelors,Prof-specialty,33,0,0,1,1
